,pov6
17165,1
7612,1
17995,1
1782,6
29,1
12202,1
4886,1
8837,1
4215,1
16903,1
17650,1
14667,1
6578,2
5529,1
3344,1
17458,1
10058,2
2629,2
4798,1
7091,1
1599,1
8953,1
7421,1
2365,1
14882,1
5160,1
7730,1
8618,1
12952,1
13374,1
5247,2
1366,1
9166,1
16595,1
8312,1
11422,1
4523,1
2358,1
6162,1
18313,2
7188,1
18058,2
11630,2
2532,4
15234,1
17173,1
17681,1
16493,1
7524,1
15838,1
15387,4
7300,1
9269,1
7193,1
17873,2
6888,1
10198,1
13925,2
14428,1
15981,1
6859,2
10889,1
6597,6
13040,1
10736,1
17036,2
3154,1
11342,1
14504,2
8041,1
3613,2
15291,1
16484,1
4483,1
4879,1
7963,1
13930,1
8338,1
568,1
8808,1
6252,1
10712,1
15636,1
12556,1
6954,1
9221,1
5515,1
13598,1
10880,1
17098,2
6933,2
2030,1
17297,2
4320,2
8200,1
17781,1
11091,2
14579,1
10675,1
10535,1
2147,2
3231,1
519,1
17194,4
16678,1
2611,1
4141,1
3347,1
8924,2
13095,1
2553,2
1469,1
16874,1
17324,1
1721,2
7806,1
13082,1
15491,1
1811,3
6275,1
16710,5
14524,1
11110,1
15856,1
12828,1
2238,1
14232,1
11116,1
10001,1
12203,1
14678,1
7585,1
15528,1
4451,1
3953,1
3350,1
796,2
13502,1
13768,1
16583,1
13732,2
11792,2
16210,1
10896,6
15822,1
5471,1
1485,2
13080,1
17757,1
6774,1
9582,1
441,1
17037,3
1854,1
3786,1
12102,2
5832,1
8500,1
10532,1
11431,2
8127,1
5409,2
13970,2
6225,1
12488,6
12734,1
15615,1
4647,1
12401,1
9914,2
15112,1
6460,1
18240,1
12659,1
6890,1
6767,2
9782,1
17990,1
5009,2
17368,1
2839,2
7833,1
2969,2
5685,1
17564,1
2046,1
7457,1
15474,2
12545,1
11488,1
3459,1
11409,1
4594,1
15177,1
5965,1
8762,1
4338,1
17180,1
6394,2
6180,2
1898,1
6471,1
6053,1
17391,1
12163,1
17708,1
5176,1
8163,1
15307,1
3645,1
11819,2
4878,1
5112,1
8361,2
9535,1
15658,1
14415,1
15363,1
15011,1
3334,1
10937,1
16131,2
17949,1
5338,1
2055,2
10232,6
13606,1
17729,1
7716,2
631,1
16313,1
1357,1
2028,4
8964,1
8612,1
5713,1
12458,6
15972,1
13846,1
1736,1
11366,1
16764,1
14073,1
2687,1
17823,1
4461,1
14268,1
17516,2
5678,2
4065,1
5323,1
10397,1
11651,1
7108,2
8603,1
17185,1
7848,1
6978,1
10308,1
5907,1
5060,1
18163,1
12773,1
3267,1
13586,1
15432,1
17126,2
9884,1
13605,1
11389,1
18234,1
11472,1
7634,1
6399,1
14153,1
11847,2
14283,1
13666,1
4685,1
12926,1
8113,1
741,1
4298,1
4476,3
16122,1
1164,1
6089,2
4003,1
7246,1
9263,1
6540,3
6897,1
6548,1
2180,1
7298,1
5150,1
11375,2
6686,1
5406,1
9520,1
14552,1
7726,2
3218,1
15086,2
14771,2
11746,1
14655,1
1307,1
9684,1
1700,2
6644,2
1844,2
6674,2
13574,1
12706,1
14025,1
990,1
7968,1
18149,1
10264,1
8537,1
16642,1
13501,1
5451,1
11090,1
14347,1
9475,2
12267,1
3135,1
13293,1
12060,1
5609,2
18232,1
9666,1
9709,2
2849,1
4692,1
14837,1
17260,2
11031,1
16602,1
8098,1
13267,1
5284,2
8035,2
8040,1
17719,3
2569,1
8752,1
15543,1
4434,1
1784,1
10456,1
900,1
11311,2
10031,1
4074,1
9970,2
2183,1
573,1
258,2
5282,1
823,2
13106,1
10617,1
12600,1
4502,1
15057,1
13058,1
10950,1
15214,1
112,1
1576,1
12390,1
144,1
4614,1
9120,2
7064,1
1843,2
3378,1
17795,1
13527,1
12188,1
4104,1
113,1
2220,1
4812,5
6454,1
13898,1
364,1
9312,1
10182,1
5318,3
9347,2
5497,2
7084,1
12728,1
15095,2
3560,2
3569,2
11685,1
489,1
5817,1
15211,1
784,2
12092,1
11973,1
9142,1
4250,1
9533,1
105,1
12741,1
10820,1
1129,1
2380,1
14593,1
315,1
16335,1
17025,1
8404,2
7239,1
1147,2
8352,2
13398,2
15306,1
1647,2
4008,1
4101,1
10800,1
7190,1
1850,1
1790,1
7052,2
2897,2
9503,1
6264,1
1109,1
7461,1
16699,1
991,1
14267,1
6704,2
14835,2
1899,1
3412,1
9986,1
2809,1
3189,5
2304,1
15183,1
9025,1
11809,1
8418,2
7248,1
2414,1
10867,1
17267,1
6262,1
8350,1
9829,2
6574,1
16127,1
18026,1
12442,1
375,1
11672,1
1425,1
9394,2
6317,1
13602,1
10507,1
15682,1
1146,2
16270,1
10598,1
11492,1
13042,2
8372,1
2717,1
10082,1
12137,6
11657,2
13659,2
8017,1
6718,1
5307,1
1332,2
9592,1
16364,2
11195,1
10479,1
15859,1
2640,3
5067,1
18167,1
18135,1
4882,1
3395,1
9556,1
17986,1
11497,6
682,1
17788,2
8636,1
13788,1
15950,1
3305,1
12476,1
14737,2
13283,1
7812,1
16781,1
7351,6
3909,6
15227,1
18253,1
1175,1
1454,2
15323,1
14849,1
12718,1
13420,1
2178,1
3504,2
12366,1
7982,1
16443,1
18181,1
12601,1
3076,1
4431,1
2175,2
4057,1
6298,2
5368,1
1402,1
13553,1
9493,1
10118,1
8028,1
14784,1
7866,1
7647,1
14390,2
15165,1
12579,1
16733,1
9305,1
18368,1
5688,1
10059,2
10102,1
1795,1
2278,2
2342,2
11278,1
4504,1
9983,1
4801,1
1075,1
3674,1
11388,1
13380,2
4741,1
8980,1
16321,1
9642,2
17017,1
2694,6
13684,1
14320,1
8908,1
8359,1
15410,1
13417,1
8091,1
14136,1
17202,1
10863,2
10087,2
8223,1
10135,1
10172,1
3191,2
3439,1
6025,1
12265,1
868,1
7187,2
8216,1
1345,6
17464,1
957,1
7430,1
6830,1
8559,1
4582,1
12909,1
16705,2
6462,1
14554,3
5556,1
3728,1
7562,1
14248,1
6375,1
7222,1
11344,1
13453,2
15656,1
15438,1
2468,2
4486,1
1660,6
6753,2
16407,1
17288,5
12953,2
13918,1
5727,1
2588,1
9270,1
2479,1
7055,1
1206,4
8821,1
13993,2
16598,1
4800,1
13196,1
10363,1
5669,3
121,1
12087,2
17299,1
10798,1
17167,1
6400,1
13077,1
8337,1
11984,1
1735,1
10380,1
16272,1
4644,1
8596,1
17382,1
2698,1
3353,1
1313,2
9468,1
15519,1
15483,1
12158,1
2006,1
16806,1
11011,2
15507,1
17850,1
948,1
12332,1
7542,1
7343,1
3041,1
383,1
2628,6
8055,1
11162,1
2361,4
3779,1
3341,1
3798,1
9170,1
15592,1
10207,1
2184,1
8816,1
18303,1
15064,1
3197,1
16914,6
1983,2
452,1
15633,1
17900,1
5830,1
16390,1
15035,2
16932,1
15705,1
17629,1
1066,1
1981,2
17041,2
16845,3
5191,2
4427,1
296,1
7733,1
8535,1
16109,1
7865,1
5912,1
10631,1
12521,1
13252,1
5588,2
2431,2
10816,1
14446,1
9581,1
16349,1
17662,5
6346,1
16010,6
2478,1
8641,1
16724,1
546,1
13335,2
4055,1
14348,1
6845,1
3848,1
8448,1
13001,1
16336,1
2974,1
5006,1
7177,1
5656,1
316,3
15412,1
7403,1
1414,2
15433,1
7120,1
13276,2
17285,1
14130,1
17388,1
4488,1
791,1
17678,1
2686,1
3593,1
4382,1
15300,1
17786,1
6953,1
12385,1
2035,1
11504,6
12917,1
6563,1
11545,1
10810,1
12101,1
17205,1
2786,1
2112,6
17099,1
9984,6
6671,2
10119,2
9206,1
3643,1
2259,1
17683,2
7442,2
8373,1
13524,1
16970,2
9900,2
18102,1
2659,2
9163,2
13982,1
10683,1
12018,1
3166,2
8423,1
9722,1
13422,1
2869,1
16448,2
5127,1
18360,1
8874,1
16739,1
14916,1
17319,2
14947,2
8800,1
17707,1
7415,1
5319,1
14082,1
6498,1
15783,1
15149,1
13720,1
43,1
7053,1
17706,1
15449,2
6882,2
12842,1
16399,1
13609,2
4301,1
13393,1
2655,1
4333,1
18169,1
17404,1
5601,1
1347,1
13746,1
3546,2
16200,1
11069,1
8181,2
13997,2
8054,1
4223,1
11481,2
7675,1
12407,1
1910,1
15910,1
8309,1
17363,1
3697,1
11534,2
11631,1
10862,1
2946,5
14810,2
13148,1
10663,1
14627,1
2014,1
7452,1
16732,1
15849,1
8192,1
11002,1
7637,1
2151,3
13244,1
1742,1
15240,3
14437,1
8012,1
5659,3
8867,1
5931,1
3023,2
8994,1
2086,1
15994,1
11899,1
8180,1
14858,2
6901,1
17855,1
14452,1
7665,1
4961,1
8145,1
12780,2
15297,1
11358,1
13517,1
5655,1
13069,1
1594,2
15539,2
12752,1
14086,1
5444,1
5346,1
6809,1
4246,1
17784,1
1878,1
13568,1
12576,1
12180,1
14475,1
6232,1
9966,2
719,1
11234,1
1540,2
5337,1
8591,1
6128,1
11169,1
897,1
14969,2
7965,1
10414,1
1424,2
9161,2
17728,1
421,2
16499,1
15236,1
14425,1
9599,1
3608,1
3941,2
9068,1
15243,1
7275,1
9918,2
4717,2
15606,1
9772,1
1987,1
10584,1
5939,1
103,6
2091,1
16494,1
739,2
17395,1
4763,1
401,1
15760,3
11710,2
9078,1
13996,2
13775,1
17858,1
2443,1
272,1
16309,1
14622,1
5855,1
9524,2
2970,5
15117,1
764,1
12032,1
9309,1
8439,1
15785,1
2454,1
11351,2
1159,2
17658,1
17061,1
18128,1
2802,1
4210,1
933,1
17600,1
16753,2
2078,2
17033,1
3147,1
1653,1
3795,1
690,1
11726,1
12939,1
13592,1
8536,1
16560,2
11318,1
12064,1
11133,1
9878,1
16376,1
3511,2
16455,1
4506,1
13963,1
15163,2
11338,1
1441,2
16778,1
14555,1
5567,1
2171,2
1427,1
14964,1
17272,1
18281,1
10405,1
15023,2
16402,2
10011,1
16271,1
17641,1
1974,1
9082,2
4702,1
16593,1
18300,1
16340,1
7211,1
7854,1
6415,2
14277,5
8719,1
14734,1
6229,1
4321,1
1950,4
7629,1
14502,1
10161,1
11807,1
13416,1
4958,1
4484,1
15405,1
8221,1
18151,2
12148,6
7778,1
5578,1
4430,1
154,1
16167,1
13030,1
1308,1
11199,1
4212,1
4619,1
7319,1
7994,1
5863,2
14984,1
4299,1
634,1
10660,1
5400,1
15681,1
3922,1
3993,1
11674,1
838,1
4929,1
2945,1
2888,2
2421,1
12043,6
10625,1
14864,2
15651,1
32,1
9827,1
17834,1
5905,2
6044,1
2651,1
2255,1
14121,1
4515,1
13820,1
15328,1
16123,1
10469,1
12945,1
542,4
1973,1
9606,1
9633,1
14832,2
16423,1
18174,2
9404,1
9278,1
3647,1
1273,1
16736,1
7781,1
5562,1
14809,1
498,1
6631,1
11778,1
2599,1
13880,1
12430,1
16213,1
2362,1
12640,2
8062,1
9373,1
5138,1
12700,6
16386,1
1638,1
616,1
13686,2
13340,2
7270,2
1486,6
15252,2
3260,3
1120,2
13108,6
3119,2
5690,1
4606,3
15476,1
12173,1
7086,1
2395,1
11787,1
16316,1
3554,1
13838,1
7200,1
2791,1
11040,2
1706,1
6557,1
8171,2
6005,1
3392,1
8534,1
3020,2
11452,1
5336,1
11740,1
17628,1
12076,6
15130,1
12863,1
2047,2
16703,1
8904,1
975,1
11530,1
16357,2
7692,1
13596,1
1936,1
2331,2
9589,1
17318,2
4151,1
13367,1
1849,1
3114,2
275,6
16060,1
16623,1
2204,1
1482,1
118,1
7642,1
13078,1
2867,1
11330,1
11477,1
14210,1
12162,1
9207,1
11256,2
10670,1
11844,1
10202,1
3472,1
11895,1
8364,1
13442,1
9536,1
8950,1
2845,6
10103,1
6878,1
3898,1
11009,1
10142,2
10850,1
13285,1
4911,1
8651,2
7664,1
10164,1
3016,1
10620,1
2043,5
18013,2
5646,1
89,1
10546,1
1046,1
11491,1
17320,2
13862,1
12815,1
9996,1
12449,1
10876,1
3144,3
5380,1
15160,1
8954,1
2336,1
7357,1
193,1
4339,1
5503,1
10450,1
10065,1
8185,1
7480,1
4930,1
2369,1
11837,1
14129,1
6303,2
16117,1
16339,1
7134,1
12378,2
5327,1
2401,1
11496,1
5137,1
11212,1
6780,1
3029,1
14144,1
12436,1
17525,1
15513,1
9125,1
7803,2
12686,1
10622,1
3755,1
3734,1
4437,1
10869,1
12464,1
6564,1
2975,1
12431,1
12058,1
16622,1
8263,1
7483,1
5724,1
16110,1
14150,2
5182,1
6799,1
18325,1
3468,1
10941,2
13221,1
2753,1
15588,1
565,1
9075,1
11329,1
6619,1
14751,1
6085,1
15955,1
6692,1
5063,2
5722,1
9353,2
5744,1
8007,1
5174,1
18125,2
6737,1
765,1
7685,1
17774,1
6295,1
17492,1
4528,1
17854,2
16615,1
1650,1
2226,1
17344,2
17684,2
7004,1
18202,1
232,1
12503,3
3322,2
6898,1
7954,1
3313,1
8179,3
9074,1
8983,1
13373,1
17760,1
13577,1
6505,1
5438,1
12877,6
16941,1
15905,2
2307,1
843,1
11003,1
18089,1
1644,1
1076,1
1521,1
14070,1
17270,1
949,1
1561,2
2822,3
2697,2
16663,1
17853,1
1471,1
15712,1
3170,1
1411,1
12976,1
2163,1
16195,1
3943,1
17687,1
288,1
15090,1
12565,2
6980,2
16096,2
6240,1
6337,1
15204,1
7198,1
4829,1
17141,1
6817,1
16128,2
5030,1
4527,1
14919,1
13066,1
5914,1
2770,2
11907,1
787,1
3738,2
18305,1
11592,1
3869,1
10356,1
9756,2
15545,1
3534,1
1932,6
5452,1
14526,1
15759,2
4374,1
11423,2
14318,6
12641,1
168,1
1428,1
15077,1
17020,1
17287,2
6290,1
6163,1
10214,1
9112,1
5897,1
11480,1
1101,1
891,1
17414,1
9712,1
667,1
12287,1
7184,1
7018,1
11202,1
2649,1
11156,1
15353,1
576,1
892,1
1682,1
3299,1
11078,1
8410,1
9562,1
14676,1
14039,1
13429,1
12167,1
7131,2
17262,1
5196,1
516,2
14979,1
3087,1
17676,1
17970,1
17393,1
16145,2
6856,1
11039,1
1581,1
11180,1
12738,1
16838,2
839,2
16594,1
720,1
12009,1
5134,1
15941,2
9730,1
6895,1
12925,1
15713,1
8852,1
7887,2
7342,1
6579,1
13673,3
2828,1
4465,1
14465,2
6649,1
5988,2
8630,2
6568,2
2510,1
16801,1
4494,2
785,4
8132,1
17580,2
4018,1
10801,1
3263,1
17343,1
8108,1
15514,1
10126,1
5455,1
5110,1
15060,2
954,1
5410,1
16831,2
4191,2
16036,1
1831,1
3705,2
11050,2
13479,1
5660,2
15643,2
11037,1
3362,1
2170,1
5053,2
6405,1
1274,2
9358,4
3495,1
2710,2
5357,1
17370,1
17325,1
14726,1
11441,2
3680,1
11572,2
5420,2
2316,1
17923,1
16541,1
9854,5
11603,1
14105,1
10366,1
11173,1
4646,1
15572,1
11900,1
11835,1
8089,1
17119,1
3849,1
7813,5
12954,1
1902,1
603,4
15335,3
17227,1
11159,1
11722,1
6094,2
16924,6
16211,1
9256,1
10144,2
14610,1
15479,1
651,1
5341,1
4524,1
16745,1
4553,1
6339,1
13288,1
15415,1
10271,1
1865,5
3426,4
8419,1
10319,1
12447,1
5021,1
11561,1
3911,1
15481,1
16212,1
1862,1
16812,1
15946,1
9565,1
18324,1
2385,2
899,1
8614,1
14181,1
1520,1
15332,1
7604,1
7876,1
16090,1
12547,2
363,1
8936,1
4354,1
13545,1
1525,1
2509,1
13794,1
16682,1
3971,2
14587,1
6506,1
18079,1
841,2
11314,1
8492,2
18320,1
17666,1
6387,1
15341,2
1426,3
67,1
14838,2
9355,1
6814,1
12961,1
3445,1
17412,1
7705,1
3452,1
16825,2
962,4
2137,1
10665,1
6063,1
17826,1
13672,1
3489,2
17762,1
9838,1
8251,6
9682,1
1130,4
14798,2
2634,2
1260,1
10128,1
762,1
13895,1
17463,3
18152,5
15444,1
11528,1
10092,2
15818,1
15880,1
17665,1
8802,1
14887,2
15282,1
14041,1
5430,1
17491,1
14953,1
18037,1
13470,1
7314,1
1746,1
5799,1
14804,1
12525,1
11648,1
2712,1
5153,1
1796,2
6976,1
13370,1
9992,2
4746,1
1224,1
9026,1
7436,1
7622,1
1161,2
3427,1
6437,2
15750,1
12871,1
8814,1
3462,1
13032,1
4795,3
1303,2
3657,2
9948,1
7217,1
15219,1
4367,1
2193,2
6357,1
8455,2
6664,2
17162,2
49,1
4906,1
4001,1
2058,1
9742,1
676,1
14265,1
12412,2
3873,1
7861,1
895,1
13130,1
15414,1
6324,1
1421,1
2556,1
3739,1
12460,6
7290,1
16737,1
13414,1
12764,1
14618,1
5384,1
2718,1
6902,2
16,1
18350,1
1994,1
8527,1
4489,1
12071,1
7045,1
11487,1
1904,4
9848,2
15800,1
3430,1
16106,2
8551,1
5597,1
13927,1
10636,1
524,1
15119,1
5764,1
725,1
2340,1
5432,1
8177,1
12373,2
11154,1
6307,1
13529,1
11541,1
5557,1
1003,1
13739,1
11066,3
14527,1
10377,1
4541,1
16591,1
13650,1
6935,2
4360,1
11285,2
10233,2
7676,2
3862,1
9947,1
13832,1
3819,1
3081,1
17919,2
394,1
6001,1
6751,1
11300,1
10201,1
13238,1
3713,1
16234,1
1786,1
9499,1
11286,1
2862,1
13700,1
14788,1
12695,1
9755,6
14926,1
16044,2
15391,3
14745,1
9544,1
451,1
16613,1
10498,1
2962,5
8078,6
10669,1
6390,1
11203,3
14056,1
4449,1
8138,1
12763,2
11591,1
4936,1
11267,1
10358,1
12868,2
2159,1
11924,1
14012,1
5927,1
9944,2
6434,2
17510,1
6258,1
11585,1
4410,1
4271,2
12578,1
10029,1
10530,1
6197,1
3895,1
16758,1
8051,1
17120,2
11335,1
7061,1
230,1
14954,1
4467,1
7564,1
1346,1
1460,2
7473,1
11013,2
12840,1
8742,1
3695,1
7425,2
17300,1
2199,2
7917,2
12121,1
4070,1
5466,1
10999,6
13053,1
1385,1
7367,1
4047,1
14255,1
3017,1
18134,1
11879,1
4051,1
6834,1
3538,2
17942,1
15694,2
14083,1
679,1
14692,1
2638,4
2789,3
17742,1
7213,1
236,1
6590,1
5959,1
2906,1
16925,1
13694,1
9250,4
11197,1
10138,1
160,1
4288,1
16162,1
14204,1
9153,1
7240,1
11505,6
11604,1
1693,1
5090,1
16827,2
11664,1
3176,1
9708,2
10637,2
12768,2
6839,1
878,1
6636,1
8493,1
18083,1
5301,2
16345,1
6905,1
5725,1
13800,1
6192,1
5585,1
18032,1
13443,1
6137,1
9735,1
4740,1
2844,2
13020,1
10651,1
17,1
9009,6
1928,1
2439,1
8945,3
1559,2
14122,2
6539,1
12057,1
3694,2
17172,1
6304,1
11248,2
10357,1
2360,1
14661,1
15416,1
683,1
11629,2
7495,1
14478,1
4745,1
3137,1
790,2
9512,1
6850,1
18356,2
9618,1
6894,1
6738,1
15581,2
2158,1
3380,1
14300,2
6127,1
5035,1
6764,1
7374,1
1047,2
11111,1
6243,1
10684,1
17044,1
2234,2
915,1
5141,1
16489,1
7125,2
17709,1
5616,1
2864,1
1798,2
8356,1
6378,1
12414,1
7555,1
17187,1
15196,1
10754,1
16078,1
13708,1
599,2
8331,1
15081,1
11815,1
2480,1
17066,2
6397,1
1113,2
5651,2
9096,1
16643,1
17917,2
4150,1
11659,2
7953,1
1829,4
12519,1
15894,1
188,1
10753,1
2813,3
5316,2
7385,1
9667,2
7621,1
16254,1
273,1
7015,2
11343,1
15986,1
2347,1
15146,1
14173,1
5096,1
16276,2
18257,1
17284,1
2476,1
572,6
4153,2
12530,1
13532,1
8106,1
4163,1
6327,1
1064,1
12215,1
2004,1
3960,1
15424,6
11980,1
4876,1
6383,1
3252,2
11420,2
10907,1
2944,1
1167,1
1020,1
12138,2
16150,1
16669,1
1619,2
12082,1
12581,1
2045,1
4660,1
410,1
11347,1
120,1
7639,1
7407,1
910,2
4540,1
2783,1
9540,1
6934,2
13497,1
12644,1
4770,1
16913,6
10332,1
1125,2
1791,1
13544,1
16616,1
5429,1
16370,1
6419,1
7749,2
13588,1
17948,1
7728,1
6200,1
16138,1
6726,1
10763,1
5539,1
15409,1
17161,2
9526,2
8110,1
5294,1
14035,1
9579,1
7003,2
129,1
5472,2
14061,1
3884,1
8820,1
14777,1
14042,1
3125,5
1828,1
10608,1
9229,1
15471,1
12198,1
10593,1
10737,1
15603,1
1322,2
11192,1
15874,1
6344,1
14557,2
8233,3
16047,1
7333,1
17213,1
12618,1
3425,1
12280,1
14137,2
1839,1
6661,1
140,1
10342,1
276,1
4531,1
17609,1
8384,1
1176,1
10046,2
14827,1
3827,1
7520,1
1915,1
3183,1
11449,1
6847,1
6131,1
15803,1
14503,1
6588,1
18090,1
16420,2
16323,1
10094,2
15273,1
15156,1
9050,2
14426,1
10486,1
9989,2
16847,1
16754,1
8934,4
11390,1
8716,1
2963,1
12737,2
16706,1
453,1
12582,1
4570,2
340,1
5045,2
235,1
10269,1
6535,1
6198,1
3086,1
10752,1
16896,1
12396,6
12950,1
3131,1
191,1
7645,5
16875,1
15154,1
10431,1
352,1
4583,3
12501,1
16378,1
2829,2
7648,1
4665,1
7089,1
9428,1
6593,4
13740,1
2105,2
24,2
1228,1
10461,2
13782,1
16249,1
12995,2
16859,1
716,1
6936,1
11082,1
10282,1
3893,1
11417,1
12786,1
10591,1
3730,1
15253,1
6611,1
12541,2
10980,1
15865,1
3589,1
6946,1
3432,1
7353,1
14011,1
16164,1
1678,6
2103,2
2549,1
6438,1
2059,1
9248,1
10426,1
1423,1
8726,6
15143,1
5935,1
7596,2
13002,1
13937,1
1840,4
16149,1
11299,1
17030,1
4304,2
11915,1
7294,1
17904,2
15242,1
9045,1
244,1
1815,1
1036,1
763,1
9472,1
16115,1
12853,1
7252,2
15557,1
11502,1
6099,2
14719,2
5968,1
16934,1
16909,1
11605,2
11059,2
5296,1
628,2
17832,1
6473,1
179,1
5960,2
15314,1
18268,2
6351,2
17290,2
5825,1
4833,2
6596,3
2795,4
16070,1
7525,1
5739,2
4732,2
17849,1
7012,1
12218,2
15375,2
2098,1
12539,1
10900,1
4110,1
2749,2
12540,1
1268,2
1655,1
13128,1
17783,2
15320,1
2423,1
16870,1
3580,1
15825,1
4881,1
17905,2
9069,1
1916,1
6359,1
5593,1
13513,1
8441,1
8589,1
9389,2
13397,1
5864,1
4793,1
14500,1
15535,1
8822,1
15268,1
14030,1
9870,1
12808,2
13503,1
13407,1
10586,1
10218,1
9119,2
15205,1
15936,2
6009,1
870,1
12558,1
16559,1
10911,1
15790,2
6891,3
7911,2
947,1
5002,1
13816,3
6881,1
13164,1
15267,2
10716,1
674,1
18241,1
5809,1
5437,1
10648,3
7915,2
4552,1
4542,1
2511,1
1935,1
4969,2
3751,6
1687,1
12948,1
9002,1
3568,2
10392,1
8112,1
2924,2
8698,1
15167,1
11971,1
11945,1
16565,1
8206,6
6825,1
4733,1
9859,2
17450,1
17326,1
11932,1
3614,1
8893,1
5951,2
10453,2
2235,1
4307,1
5719,1
7396,1
10362,1
4039,1
17644,1
1756,1
8861,1
3329,1
13853,1
1237,2
3049,1
1536,1
13938,1
17264,1
10485,1
9407,1
17293,1
13363,2
344,1
9251,1
1605,2
2154,1
7094,2
15174,1
2095,1
13587,1
16279,1
11143,1
14516,2
8555,1
4824,1
14294,1
6333,1
17632,1
9737,1
16258,1
8336,1
17496,1
13973,1
17031,1
16784,1
912,2
15511,1
15015,1
1413,1
17872,1
7144,1
4167,1
15900,1
12241,1
14050,1
14553,1
16638,2
5642,1
6786,1
10476,1
88,1
5886,2
11016,1
15629,1
7718,2
3437,1
4712,1
13936,1
11215,1
6719,1
11046,5
4805,1
2536,1
2291,2
1719,2
17419,1
7759,1
14212,2
14363,1
3167,2
2397,1
16528,2
13305,1
7080,1
7232,1
1271,1
861,2
454,3
11413,1
3431,1
964,1
10348,6
9604,1
10709,1
2673,1
13639,1
7809,1
9882,1
1387,1
1837,1
312,1
1284,1
10227,1
4289,1
7931,1
8940,2
6245,5
14811,2
12299,1
7808,1
12607,2
9621,1
7330,1
16649,1
3662,1
10692,1
16937,1
3867,6
3802,2
10807,1
3073,1
17771,2
4371,1
5330,1
8818,1
13511,2
16139,1
14064,2
6289,1
12812,2
7411,1
12450,1
13210,1
15548,2
12705,1
5485,1
6171,1
12767,1
10343,1
10884,1
7658,3
8208,1
4177,2
18147,1
4226,1
2071,1
428,2
3169,4
8382,1
16741,2
13245,1
13177,1
5537,1
3067,1
6049,1
10934,1
2132,1
15784,1
4577,1
14561,2
5434,1
16752,1
12885,1
6177,1
16837,2
2037,1
4092,1
12654,1
8413,1
3921,1
1526,1
3199,1
1328,1
10786,1
16694,1
15322,1
2338,1
3836,1
6160,1
6489,4
837,1
552,1
15000,1
14288,2
12019,1
16531,1
10452,6
18007,1
4628,1
12350,1
4350,1
4493,2
10654,1
14377,1
3215,1
8657,1
14775,2
18017,1
14290,1
9892,1
1900,1
2072,2
2832,2
16186,1
16618,1
12563,1
13555,1
8093,1
355,1
15093,2
16864,1
16894,1
14353,2
4398,1
2102,1
7772,2
4854,1
1171,1
6443,1
11096,1
13158,1
12303,1
447,1
6318,1
2386,1
5221,5
3972,2
6021,1
17797,2
6241,1
5629,1
10855,1
5662,2
18061,2
18341,1
5440,2
3474,1
4914,1
3632,1
13124,1
9979,1
5094,1
3387,1
1292,2
9070,1
13549,1
650,1
14304,2
6723,1
15836,2
17914,2
16176,1
15925,1
5232,1
6724,1
1475,2
13728,1
6097,2
16577,1
4013,1
16361,1
15627,1
17134,2
5625,1
1945,4
17182,1
16217,1
7392,1
2130,1
15563,1
7699,2
12878,2
5673,1
13254,1
5876,1
5172,2
18187,2
3172,2
9609,1
10808,2
13613,1
13243,2
14927,2
16027,1
4019,1
9926,1
12757,2
1204,1
6062,1
3151,1
18371,1
14493,1
10638,1
6524,1
3548,1
11494,1
17649,1
15012,1
12237,1
10939,2
2570,1
7038,1
5449,1
16708,5
6914,1
11442,2
127,1
3030,1
9630,1
14659,1
10468,1
653,1
328,1
12998,2
5459,2
8525,1
9212,1
15311,1
17405,1
6319,1
15630,1
12355,1
91,1
8570,1
2021,1
17296,1
1846,1
1923,1
12620,2
6923,2
13291,1
14889,1
8141,1
6642,1
17225,1
2658,2
17882,2
17108,1
11258,1
4683,1
10451,1
2292,1
11101,1
14310,1
1513,2
523,1
11556,1
16098,1
8203,1
6973,1
5145,1
15199,2
7341,1
13975,1
6921,2
8345,2
8775,3
15120,1
9771,1
422,1
4108,1
12895,2
77,1
5549,1
15187,1
12285,3
5970,1
13893,1
7630,1
12711,1
10997,1
8252,2
4351,1
9113,1
14354,2
8521,1
6301,2
1922,1
12086,1
11340,1
16306,1
16328,1
12598,5
10212,2
11767,2
1808,2
7021,1
1312,1
9661,1
16759,4
10804,1
2751,1
3815,1
18053,2
18096,2
7399,1
14543,2
15218,1
15468,1
12354,6
2521,1
1223,1
1940,1
390,1
9658,1
6916,1
5735,1
4519,1
2590,1
17939,1
13435,1
3642,1
15727,1
415,1
13575,1
4859,2
2709,1
6566,1
4132,1
11594,1
3200,1
7063,2
5945,1
15906,1
3615,1
10158,1
4312,1
10523,1
5865,1
5311,1
7706,1
16352,1
15976,2
17813,1
7161,2
16783,1
3223,2
10016,6
7238,1
930,2
1637,1
21,1
10758,1
4217,1
11737,2
4654,1
17841,1
9832,1
4156,1
16504,1
13041,1
11693,1
6432,1
17511,1
13127,1
16478,1
7257,2
10614,1
4999,2
2967,1
14468,2
1278,3
14291,1
5753,1
17334,1
6511,1
15926,1
8115,1
4520,1
7819,1
12301,1
7490,1
8782,1
15439,1
10891,1
1685,1
553,1
13187,2
7137,1
16976,1
10315,1
9056,1
12594,1
16121,1
2875,1
9232,1
17071,1
881,1
9852,1
12186,1
3654,1
16575,1
7698,2
7858,2
15604,1
16240,1
13322,1
14417,1
1944,2
16791,6
1977,1
10996,2
18025,1
14876,2
6113,1
618,2
16230,1
15202,1
486,1
5258,1
1529,1
7170,1
10726,1
8376,1
16948,2
10928,2
9962,5
3001,3
17175,1
12428,1
7428,1
12191,1
6312,1
17129,1
14273,1
15918,1
11323,1
7775,1
5770,1
10830,2
18276,1
7912,2
10881,1
9046,1
9417,2
14427,1
10403,1
7265,4
740,1
12201,1
7677,1
14308,1
6797,1
3502,1
11213,1
2345,1
12569,1
12660,1
12410,1
12166,1
11542,1
756,1
14937,1
8353,2
1712,2
2263,1
4597,2
11036,1
4694,1
6144,1
15396,1
366,1
3042,2
9073,1
6806,1
10519,1
10387,1
8019,1
14817,1
6072,2
1068,1
8880,1
3159,2
12933,1
18266,1
9181,1
6908,2
6617,1
3826,1
5998,1
14910,1
13063,1
12901,3
12583,1
18095,2
17881,1
18104,1
10793,1
9076,2
7172,2
1541,1
5411,1
7173,1
4435,1
2931,1
2533,1
12532,1
6191,1
3108,2
16011,1
12625,1
7259,1
262,2
6904,1
7920,4
16284,1
8248,1
2531,1
5676,1
7985,1
9354,1
1905,2
8187,1
11813,2
4443,1
2878,2
17268,1
6998,1
16325,1
388,1
3174,1
12693,1
15828,1
11237,2
131,1
1340,1
13045,3
2191,2
10163,2
15677,1
937,1
4109,1
4957,2
377,1
15191,2
10146,1
8264,1
9040,1
8282,1
6979,1
12359,2
12904,1
14392,1
6189,1
2427,1
3581,1
658,4
16756,1
2325,1
12609,1
6230,1
1077,2
6981,1
14416,2
16860,1
4241,1
9843,1
15394,1
17523,2
2724,2
10039,2
8796,3
17558,1
3736,1
3649,1
16599,2
12174,1
8773,1
1996,1
12005,1
7485,1
7649,1
11144,1
3572,1
17482,1
13636,3
7371,1
16474,1
4820,1
7293,1
12703,1
8468,1
17714,1
16238,1
4698,1
4002,1
2858,1
12425,1
10002,1
12531,1
16524,1
14094,1
16557,1
9968,1
14763,2
6501,1
11367,1
8076,1
8088,1
8972,1
4308,1
5274,1
13496,1
3312,1
10110,1
6938,2
6765,1
7398,2
12134,1
11503,6
14922,1
10032,1
13208,2
4571,1
10649,1
13888,1
16986,1
6672,1
15496,1
8508,4
7598,1
3910,1
3037,1
16519,1
8655,2
15686,2
14507,3
12443,1
15617,1
1826,2
3553,1
5371,1
4384,1
7156,1
15173,1
4849,1
11836,1
9573,1
11770,1
1552,1
4624,1
11317,1
10159,1
3847,1
8302,1
4389,1
13785,1
10462,1
3469,1
7408,1
3453,1
14936,1
17550,1
16635,1
9908,2
9557,6
11752,1
17725,1
8046,1
14662,2
8891,1
14091,1
8666,6
17817,1
6687,6
7961,1
5071,1
6167,1
5620,1
13945,2
501,1
14802,1
3492,1
14559,1
12994,1
9122,1
2367,1
8049,1
1911,4
16116,1
1324,3
14314,1
5880,1
12466,2
16978,1
5365,1
9504,2
15100,1
13851,1
14899,2
3791,2
6051,1
14455,2
8189,1
16819,1
12477,1
17461,1
6412,1
8507,1
9239,1
14205,3
12165,1
7652,1
8172,1
2393,1
10710,1
15787,1
10909,1
3587,1
12753,1
13375,2
12636,1
671,1
14660,1
17830,1
6267,1
7043,1
9012,6
6074,1
7320,6
640,1
10568,1
14093,1
17592,1
13195,1
10809,2
482,1
6700,1
17408,1
13935,1
7736,2
5209,1
18059,1
6105,3
2992,2
3095,2
11266,1
11075,2
4760,1
5385,1
1084,1
7802,1
6467,2
14711,1
14501,1
14560,6
5619,2
908,2
759,2
3803,1
4948,1
15201,1
5958,1
17335,1
1356,1
4530,1
14142,1
4563,1
15224,2
1894,1
9801,1
10951,1
4752,2
14034,1
14485,2
1433,1
17626,1
12036,1
18297,1
400,1
9784,1
3303,1
10600,1
210,1
5443,2
17798,2
621,1
7129,1
6903,2
80,1
12208,2
11593,6
4970,2
5666,1
693,5
9817,1
10981,1
3214,4
11297,2
14337,2
6311,1
11230,1
9561,3
9653,6
14839,1
15092,1
12317,1
940,1
3942,1
5769,1
4943,1
10547,2
3370,1
12160,1
16034,1
4042,1
6787,1
124,2
12517,1
5589,3
11885,2
7180,1
8442,1
12387,1
1377,1
8060,1
12723,2
2998,1
3541,1
8539,1
16197,1
1031,1
16083,1
4547,1
16969,1
389,1
6829,1
8911,2
11012,2
18248,1
15469,2
9409,2
440,1
5517,1
14240,2
10931,1
13955,1
4102,5
17833,1
4837,1
13406,1
2647,1
13742,1
4781,6
7377,2
8515,1
9454,1
1119,2
15673,4
7818,2
15470,1
11940,1
16485,1
728,2
18220,1
15714,1
11711,2
4840,1
2855,1
11665,1
13649,1
2618,1
10558,2
3486,1
11966,1
3078,1
18107,1
1412,1
7794,2
5672,1
17741,1
5487,1
18118,1
3018,1
5716,2
15812,1
3671,1
17387,1
7119,6
14215,1
15598,1
5120,2
5098,1
8622,1
461,6
5412,2
15622,1
6562,1
4313,1
534,2
8755,2
7624,1
17220,2
8598,1
12266,1
7760,1
5058,1
13255,1
15707,1
1058,1
3390,1
17895,1
5941,2
9372,1
6172,1
8475,1
3409,1
8150,1
17332,1
1982,2
16119,1
17235,1
5396,1
4178,1
17916,1
6785,1
14883,1
14224,1
3318,1
810,1
14254,1
15293,2
8611,1
14588,1
14961,1
3058,1
8600,1
40,1
1369,1
10355,1
2733,1
10806,1
1672,1
16518,1
7532,1
7244,1
3557,1
1162,2
15722,1
3285,1
5701,5
7763,1
10010,1
2965,1
5527,2
5450,1
16041,3
15276,1
2799,1
3958,1
6106,5
602,2
4566,1
7517,3
12865,1
8929,4
10930,1
9204,1
8139,2
15228,1
13180,1
9442,1
6701,2
12762,1
14424,1
7857,1
3623,1
14566,1
11806,1
4318,1
11656,1
1517,1
11977,1
5257,1
8070,1
18078,1
6760,1
16747,2
6092,2
9481,1
13326,2
15940,1
13120,1
3109,1
12912,1
9623,1
10005,2
3394,1
17445,1
6874,1
39,1
3844,1
13662,1
17710,1
5852,1
15510,1
7761,2
13783,2
8008,1
5158,1
8662,1
4877,2
4356,5
15284,2
3364,1
13031,1
9679,2
55,1
7560,1
15632,1
1691,4
10561,2
17115,2
10176,2
12349,1
12085,1
10132,1
8749,1
11725,6
4508,6
5366,1
8855,1
16612,1
3293,1
17281,1
14145,1
12605,1
3945,1
14570,3
12089,1
1362,1
13118,1
16589,1
12794,1
17012,1
15688,2
17689,2
1285,1
4118,2
12008,1
4365,1
11427,1
4971,2
10018,1
5164,1
5490,1
16233,2
8412,1
12633,2
4184,1
3346,1
1633,2
17927,1
11990,1
15343,1
2379,1
9703,1
18022,1
1107,1
10346,1
8962,1
10281,1
11933,1
190,1
10320,3
16510,1
14492,1
6961,1
2088,1
3640,1
13877,1
8971,1
11385,1
11207,1
14134,1
11309,1
4673,1
1548,2
15609,1
14276,1
38,1
5012,2
14742,1
2872,1
84,1
16408,2
17274,2
5109,1
6526,1
15198,1
6571,1
15782,1
5862,1
9495,6
17980,1
1476,1
13486,1
12551,2
1880,1
14014,2
7587,1
3684,1
2396,1
2636,1
13766,2
3690,1
17356,1
9467,1
13215,2
17647,2
11412,2
5778,1
6019,1
6589,1
1925,1
430,2
8363,1
4693,1
16285,1
3277,1
11486,1
16360,1
8946,3
567,1
16923,1
9223,1
3992,1
7258,5
2174,1
708,1
6024,1
13347,2
2662,1
12247,1
7874,1
17355,2
14884,1
5586,2
5023,1
18316,1
4637,1
1318,5
2904,1
10075,1
7263,2
11877,1
3168,1
12269,2
12844,2
17188,1
6660,4
11562,1
10115,1
10321,1
12515,1
3393,2
3901,1
2129,1
17440,2
2563,1
13812,3
159,1
15642,1
11269,6
18170,1
9833,1
9957,2
3178,1
13484,1
17034,1
2961,1
13847,1
15347,1
1664,1
6045,1
16021,1
4452,1
14778,2
921,3
17612,1
1408,2
8976,1
11743,2
1969,2
6212,2
12486,1
15698,1
5034,1
6848,1
9479,1
12098,1
6887,1
6769,2
17124,2
7317,1
6861,2
4809,2
9938,1
356,1
11511,1
14375,1
10902,1
4014,1
5345,1
2359,1
7943,1
17075,1
15403,1
11717,2
7547,6
1105,1
1041,1
8886,1
10732,2
1663,1
8444,1
16104,1
16092,1
14743,1
1822,2
2100,1
2181,1
5243,2
9116,1
6017,1
4551,2
8009,1
6556,2
8922,1
7708,1
497,1
9964,2
13595,1
9945,1
5934,1
11951,1
5467,2
1680,4
4145,2
11352,1
5461,1
8462,2
11287,1
16436,1
4111,6
16199,1
13868,1
458,1
14360,1
14249,2
5418,1
9505,2
1467,1
15153,1
184,1
4803,1
15392,1
10442,2
13825,1
10235,1
7310,1
7580,1
10901,1
109,1
9220,1
2516,1
3518,1
8043,2
5154,1
11079,1
11377,1
9875,2
15663,6
6957,1
16261,1
17329,1
17008,1
666,2
12042,1
10203,1
6698,1
17374,2
1269,2
1629,4
7245,1
6012,1
3034,1
8005,1
14422,2
13073,1
9937,1
11632,1
3399,6
2459,1
8053,1
14990,1
4472,1
1588,1
17589,1
10421,1
4103,1
5530,1
1229,2
14,1
8368,1
1807,1
17420,1
7391,1
14396,1
16868,1
17573,1
9199,1
3881,1
9853,1
11062,3
12746,1
13018,1
6527,2
2580,1
11005,1
13705,1
2194,4
8147,1
7165,1
2104,2
9415,1
9991,1
5244,1
4690,2
999,1
11439,1
10518,1
5902,1
17243,1
695,1
5225,1
4239,2
15059,1
2685,1
14203,1
1348,1
13974,1
233,1
2498,1
11910,1
14934,1
12061,1
592,2
384,2
11418,2
8201,2
13043,2
6668,1
2264,1
10819,1
1597,1
17125,2
14233,1
14054,1
4022,1
904,2
4613,1
517,1
11175,1
15043,1
571,1
6282,1
8128,1
4682,1
10040,1
11394,2
12958,1
61,1
5705,1
11812,1
12132,1
2407,1
10258,1
12403,2
15962,1
108,1
9873,1
9671,2
17889,2
318,1
2670,2
1211,1
2903,1
15325,2
10270,1
3542,1
12988,2
2725,1
4804,1
1639,1
9214,1
11855,1
9819,1
5422,1
3270,1
338,1
10802,2
14456,2
5139,1
16425,1
11751,2
11992,1
608,1
17891,1
14624,1
10339,1
9132,2
1304,3
17655,1
5208,1
3304,1
11970,2
4072,1
4505,1
17536,1
17321,1
16614,1
9292,2
2339,1
5266,1
15312,1
8463,1
3311,1
3000,2
327,1
9265,2
11681,2
15371,1
11558,1
15769,1
2002,1
3811,1
11242,1
1074,2
13475,2
456,1
607,1
2541,1
780,1
9571,2
15478,1
10579,1
4782,6
2216,1
15878,1
17844,2
9777,1
755,1
6999,5
12313,1
228,1
12130,1
3356,1
17932,1
11305,1
11179,1
18213,1
3057,1
11756,1
5698,1
14794,1
1456,1
7466,1
6090,2
18124,1
10794,2
2051,1
1602,1
11184,3
3079,6
11849,2
3584,1
3516,1
9823,1
2383,1
11249,1
1995,1
17487,1
13934,1
997,1
12649,1
10060,2
5404,1
11581,2
15370,1
12294,1
13833,1
1889,4
14104,1
4343,1
2663,1
9523,1
278,1
6851,1
8010,1
2425,1
4819,2
15225,1
14331,1
1809,1
17721,1
17113,1
9812,1
615,4
13803,2
16331,2
1593,1
18141,1
14088,1
15732,1
10383,1
11021,1
4459,1
5953,1
13346,2
9030,1
16681,1
5804,1
260,1
9974,1
3384,1
1447,6
14124,2
8414,2
7832,1
17154,1
3726,2
8689,1
6080,1
12383,2
14708,1
16878,1
8673,2
14074,1
15408,1
13152,1
8845,1
3429,2
13615,1
1352,1
3446,1
11830,1
18060,1
2206,1
4501,1
2149,4
3603,2
17691,1
13087,1
7618,2
18012,2
10919,1
16619,1
14406,6
14168,1
2523,1
17559,2
8377,2
14051,1
16646,2
18176,1
6305,2
3594,1
9339,2
2978,2
12249,1
10618,1
9841,1
10590,1
17764,1
12106,1
18071,1
5575,1
11748,1
8151,1
12295,1
4208,1
3816,1
11272,2
2701,1
4721,1
639,1
16744,1
6758,1
13296,1
10279,1
17887,1
8276,3
15244,2
4214,1
8037,1
9822,1
3566,5
15644,1
9869,2
4106,2
14865,1
17122,1
3324,1
18365,1
4842,1
4058,1
13724,1
11622,1
2688,1
1226,2
7039,2
2107,1
8833,1
18222,1
531,1
15073,1
14746,1
4085,1
1816,2
13699,1
10964,1
16381,1
9146,1
4031,1
15625,2
9902,1
13445,1
17193,1
1343,1
18269,4
3597,1
1717,2
1531,2
6166,2
4396,1
8693,1
4432,1
12872,1
7029,1
5389,1
10927,1
18318,1
12377,2
5639,2
3103,1
6554,1
1972,1
12622,1
5216,1
14483,2
3089,1
270,1
17338,2
7552,2
17043,1
12252,3
2356,1
9881,1
11127,1
4776,1
8058,1
6545,1
18219,1
14133,1
4147,1
15303,1
13327,1
10612,1
6082,1
11912,1
16086,1
10541,1
5691,1
398,2
12962,1
15735,1
12617,1
3991,2
10811,1
5695,1
929,1
10760,1
13525,1
12123,1
11667,1
14994,1
9235,2
13676,1
6855,2
4846,1
10239,5
15711,1
9098,1
16190,1
17715,1
2886,1
2288,1
6937,1
12424,3
15964,2
4404,1
2909,1
5806,1
11053,1
825,1
1573,2
16506,1
11306,1
8557,1
6154,1
3391,1
9813,1
8480,2
17379,1
13333,2
10717,1
4373,1
8497,1
6433,1
3510,1
8298,1
16955,1
11424,1
13051,1
9729,1
6237,1
334,1
13619,1
15102,2
13819,1
6368,1
11453,2
9157,1
12479,1
13836,1
16246,1
2971,6
8440,1
11099,1
11982,2
13560,1
6805,6
5957,1
17195,4
10915,1
2948,1
12807,3
14724,2
3271,1
8311,3
10557,2
2622,1
13212,1
6969,1
9188,1
6206,3
7223,1
2713,1
3763,1
1160,1
3287,1
4010,1
8783,1
5105,1
15005,1
3221,1
1062,1
10841,1
10698,1
998,1
3494,1
1281,1
14780,5
14962,1
13910,1
2500,1
14059,1
7031,2
17955,1
7679,1
16677,1
14657,1
1341,1
12022,1
2405,6
8849,1
17353,2
1817,6
10748,1
13235,1
15853,1
2143,1
15317,1
11861,1
15360,1
14918,1
2821,2
8307,1
5541,1
11001,1
15245,2
14063,2
13641,2
13855,1
17996,1
10191,1
9107,1
16226,1
8326,1
16465,1
12505,2
6246,1
4048,2
2269,1
14830,1
16650,1
660,1
14067,2
737,4
15602,1
3605,2
8713,1
3855,2
2582,2
8186,1
10718,1
11852,1
9237,2
1993,1
402,4
14617,4
8430,2
754,1
2056,1
16320,2
18008,1
17633,1
5573,5
13135,1
18345,1
1920,3
7023,2
3904,1
6195,1
12248,1
11987,1
16795,2
4560,1
332,1
14532,1
2462,2
7691,1
4556,1
13153,2
6683,1
7869,1
6958,2
3363,1
11125,1
8057,2
8131,2
2524,1
4590,1
6329,1
3630,1
700,2
1696,1
1851,1
14790,2
16529,2
3297,1
11060,1
8921,1
13538,2
5754,1
5165,1
13476,5
17152,1
3111,4
17080,1
7886,1
8517,1
17505,1
3659,1
3509,1
12079,1
3973,1
12991,1
4609,1
16679,2
9748,1
13359,1
5612,1
4640,1
14367,1
14384,1
6152,1
1461,1
16018,2
17840,2
18057,1
14747,2
1924,1
17508,2
11370,2
15330,1
307,1
14700,1
4297,1
16592,2
14856,2
5568,1
15911,1
6336,1
14940,1
3132,1
8913,1
6151,1
9378,6
17799,1
5822,2
12526,1
12380,1
9254,1
6518,1
7628,1
18317,1
9911,1
10567,3
7388,1
6857,1
1418,1
6159,2
3607,1
9005,1
7727,1
2966,1
17775,1
2652,2
664,2
16945,1
13685,1
8096,1
13679,1
9433,2
5992,1
8253,1
13687,2
13260,1
17224,1
17217,1
9919,1
9416,2
9233,1
907,2
16045,1
10215,1
2108,4
2911,1
5280,1
8116,1
8743,1
1039,1
18076,1
9450,1
9912,1
7594,6
12707,1
3627,1
14812,2
12535,1
15767,1
5932,2
942,2
5761,1
12751,1
14115,1
4778,1
11296,1
17209,1
69,1
17928,2
3976,1
18158,1
13140,1
17515,2
10924,1
7959,1
1779,1
10892,1
9054,1
14967,1
13061,1
882,1
12793,1
7285,1
437,1
6889,1
3414,1
5834,1
11928,1
14691,1
3920,1
9196,2
6587,1
15305,1
7381,1
13219,1
16690,1
17672,2
11405,1
18153,3
10388,1
8137,1
8045,1
17569,1
12745,1
63,1
17593,1
5985,1
2073,2
17884,2
7653,1
3913,1
7243,1
12305,1
5997,1
11963,1
11419,1
3206,1
16292,1
1334,1
5331,2
13143,2
5663,1
3130,2
12420,2
15995,1
11799,2
12956,3
1445,1
4211,1
11168,1
3177,1
12616,1
14138,2
11646,2
14997,1
13748,1
559,1
1549,1
8610,1
3465,1
5157,1
11315,1
1435,2
10814,1
4791,1
15421,1
13682,1
12409,1
192,1
10925,6
13369,1
4026,1
2139,1
10680,1
10960,1
10309,1
4080,2
8696,1
9507,2
4069,1
1479,3
1061,1
16644,1
7449,1
226,1
35,1
11531,1
10417,1
15299,1
182,1
7215,1
5576,1
4576,1
7783,1
10370,1
11084,2
17371,1
15188,1
14749,1
1287,2
10329,1
10189,1
10043,2
13933,1
13707,1
10846,1
2268,1
16863,1
1407,1
15002,1
1394,4
17616,1
4602,2
10576,1
12902,1
5344,1
16062,1
17381,1
3556,1
9971,1
17590,1
14564,2
5223,1
1838,1
15798,2
9477,1
12604,1
30,1
6654,1
3963,1
1056,1
1836,1
10197,1
15696,2
10932,1
8383,1
697,1
6680,2
9008,6
16028,1
10739,1
10410,1
18201,1
10904,1
2410,1
17701,1
16384,1
4680,5
16077,1
9674,1
14435,2
7019,1
4678,1
7027,1
6813,1
11524,4
18179,3
10777,1
12646,1
5248,5
9928,2
12708,1
14323,1
4910,1
18146,1
1585,3
9518,1
12419,2
11233,1
2485,1
11676,1
8450,2
9522,1
46,1
15555,5
6112,1
15577,2
3288,1
11874,2
13099,1
11411,2
16601,1
0,1
9476,1
16003,1
10583,1
6714,3
5525,2
4860,1
6205,1
4850,2
1189,1
12118,2
9093,1
12315,1
4363,1
9543,1
7194,1
17170,1
2991,2
1874,1
8524,1
12491,1
13810,2
951,1
13759,1
4579,1
16498,1
6835,1
1399,1
11201,2
3790,1
529,1
16944,1
14398,3
3276,1
7721,1
8217,1
2518,1
14081,1
12371,3
2915,1
2592,1
348,1
306,2
11515,1
17183,1
1708,2
16674,1
8123,1
4964,1
9982,3
16048,2
10703,1
15700,1
12670,2
11470,1
5908,1
15133,1
14178,2
2602,1
3352,1
8888,2
12680,1
13332,1
9545,1
12200,1
945,1
5746,1
2642,6
17481,2
9626,2
15393,1
17156,1
16348,1
1333,1
11774,1
9437,1
237,1
3063,1
16578,1
16718,1
1775,1
844,1
4370,1
1571,1
14339,1
7092,2
1857,2
2806,1
2481,1
3924,1
256,1
6449,1
14480,1
2555,1
8460,1
7503,3
15999,3
5352,1
8885,1
13003,1
2850,1
13146,1
13953,1
15791,1
18311,2
1135,1
9424,1
3145,2
5747,1
3933,1
4272,3
8481,1
7126,1
15135,1
696,1
4992,1
14544,1
4623,1
16267,1
16684,1
11061,1
11376,1
7306,1
10251,1
11649,1
3138,6
15098,1
10871,1
709,3
3045,1
12914,1
1290,1
7743,1
12340,1
8178,3
15257,1
11950,2
4470,2
11663,1
16660,1
9636,2
3886,1
9218,1
15582,3
5465,1
17250,1
10213,1
2013,1
2728,1
7522,1
13600,1
4152,1
2625,1
491,1
17664,2
3220,3
6689,1
1199,2
11527,1
11870,1
12128,1
16189,1
17618,1
14239,1
8266,1
10152,1
6655,1
2577,1
16063,1
2678,1
1014,2
16888,1
254,1
10605,1
5658,2
14706,1
10860,1
3238,1
15498,1
9877,1
4088,1
12001,1
1584,1
2754,1
14494,1
3373,1
3526,2
12676,1
7468,2
7281,1
16879,1
2314,1
4100,1
12514,1
5712,2
8941,2
7909,1
15945,1
1557,2
3778,2
7877,2
989,1
16634,1
2623,1
7616,1
16907,1
4444,1
10253,1
13281,2
11522,1
1895,1
14551,2
3931,1
11368,1
2830,2
15843,1
14040,1
3306,1
1921,2
4497,2
18245,1
1371,1
8541,1
6607,1
9457,6
6717,1
10045,2
18183,1
14538,1
15526,1
14983,1
10744,1
12107,1
7713,1
3965,1
10416,1
5040,2
7822,1
16461,1
4149,1
9487,1
15851,1
2739,1
16953,1
15641,1
13510,2
15635,1
15452,2
13826,1
11277,1
11821,4
3171,4
12924,1
11927,1
14665,1
2123,1
5790,1
15480,1
9583,1
13520,1
11797,2
17042,1
62,1
16794,1
16015,1
13262,1
12624,2
16700,1
8899,2
1298,4
8984,1
12463,1
9086,1
11690,1
7986,1
9976,1
9164,2
12755,1
10337,1
16727,2
1738,1
1958,1
8259,1
17157,1
12065,1
2801,4
4060,1
7096,1
12629,1
9033,1
14621,1
11696,3
12920,2
18139,1
17921,2
5178,1
15061,1
1551,1
7557,1
1968,1
8328,2
18331,1
6404,1
9432,1
17735,1
637,1
9451,1
7236,1
7208,1
11274,1
4336,1
10023,1
7216,1
15463,2
2637,1
1893,1
17521,1
12603,1
6168,1
16535,1
15007,2
11520,1
11150,1
6377,1
9194,1
11964,1
1117,2
15939,1
4073,1
5270,2
7859,1
12827,1
16347,1
4797,1
6335,1
12886,1
4337,1
6250,1
17092,1
3590,1
12674,2
10360,1
16004,1
13024,1
12070,1
3774,1
1562,1
3837,1
7502,2
17218,1
13459,1
1155,1
8273,1
8155,1
8727,1
13203,1
14791,1
11859,1
9763,1
12129,2
10100,1
13719,1
11463,1
10662,1
2192,1
12358,1
802,5
11396,1
8393,1
797,1
13307,1
11702,1
10653,1
14357,1
15016,1
8202,1
1350,1
16418,1
5618,2
6625,5
8325,2
3133,1
7737,1
10643,1
12261,1
848,1
15232,1
420,1
6121,1
15786,1
10471,1
10524,1
10148,1
13874,1
2477,1
6730,2
17752,1
7427,1
8250,1
5114,1
11255,1
13690,2
2530,1
14085,1
403,1
2260,2
1466,1
10048,1
12506,1
12115,1
337,1
1063,1
396,1
17740,1
9802,1
5392,1
12577,1
17026,1
14214,1
1726,1
353,1
15354,1
17551,1
2188,1
8297,2
16273,1
15864,2
4744,1
7519,1
2177,1
2538,1
2247,1
6257,6
14941,1
490,1
3283,1
2735,1
17703,1
16632,1
14644,1
9320,1
17659,2
9839,1
9542,4
11094,1
362,1
3571,3
6993,1
13000,1
7227,1
7623,1
1841,2
8590,1
9767,6
4438,1
926,1
5849,2
4592,1
16709,1
2771,1
11357,1
630,6
10661,2
5789,2
5170,1
14102,2
10322,1
7049,1
16597,1
4935,1
11537,1
10121,1
7013,1
5499,1
10314,1
18051,2
12783,1
13633,1
1024,2
3761,2
4231,1
4197,2
11049,3
6139,1
9720,1
14913,1
10081,1
5062,2
11662,4
6666,1
1587,1
7907,1
586,5
17800,2
1296,4
6431,3
7056,1
455,3
1833,1
12236,1
16814,1
6322,1
12471,1
2874,3
17032,1
589,2
4710,1
5041,2
1490,1
1002,1
9578,1
15376,2
11097,1
16543,1
5008,1
1565,5
14654,1
12615,1
5279,2
17595,2
15899,1
1617,1
11032,1
4202,1
13799,1
16928,1
8746,1
13492,1
5782,1
13670,1
3689,2
6238,1
10515,1
4276,1
11978,1
4616,1
7117,1
15472,1
1518,4
15318,1
14230,1
10949,1
18259,1
12408,2
11083,1
2115,2
9788,2
17929,1
12788,1
16975,2
16358,2
10992,1
16223,1
17365,1
6043,1
6133,1
14155,1
5286,2
15565,2
17737,1
14517,1
10026,1
9693,3
8036,1
9208,1
1758,1
12069,1
12739,2
15771,1
4532,1
12836,1
15006,2
13556,1
11404,1
1403,2
7905,2
11485,1
9483,1
800,1
5915,1
15434,1
3525,1
15846,1
9904,2
17766,1
2492,2
7361,1
6143,1
7666,1
18192,1
16051,1
17191,2
10771,1
3660,1
11834,1
2943,1
5068,1
5413,1
16397,1
10512,2
7331,1
4255,1
14419,1
4359,1
16482,1
17791,1
4728,1
8073,1
4020,1
8914,1
15824,1
2726,2
11943,1
1389,3
9969,1
5464,2
3986,2
6685,1
17946,1
5117,1
1961,1
4453,1
6354,1
849,1
5872,1
18189,1
2958,3
12567,1
17538,1
14358,1
13455,1
8092,1
2704,1
4939,1
8136,1
3784,1
6510,1
931,2
7102,2
17004,1
6204,1
11860,2
3047,1
6411,1
2938,1
5710,1
16245,1
14769,2
5395,1
12027,1
2491,1
18072,6
13647,2
6812,1
10436,1
8682,1
128,1
16926,1
905,3
4315,1
7535,1
7231,1
11820,5
3962,1
15063,2
4195,1
17574,1
4306,1
7264,1
8797,1
1488,1
18109,1
7429,1
2310,1
10940,1
3547,1
16006,1
3019,1
17131,2
3600,2
14732,1
14071,1
16840,2
11595,1
2776,1
3582,1
17351,1
18200,1
11798,1
16396,1
7723,1
15931,1
7439,1
14258,1
17231,2
15777,1
5925,2
1010,3
12189,1
13959,1
17400,1
13604,1
6843,1
4987,2
11244,2
16787,1
6288,1
13876,1
5482,1
2138,1
8806,1
2466,2
6615,1
2328,6
3961,1
9994,2
9664,1
10473,2
782,1
12391,1
1780,1
13999,2
2837,2
10792,1
12262,1
11780,1
12866,1
2486,1
2195,2
14848,1
285,1
18099,1
10766,1
16505,1
10240,1
14871,2
9019,1
2305,1
7568,1
6653,1
5198,1
3966,1
6824,1
9128,1
13230,1
4419,2
10255,6
8628,1
7271,1
10539,2
17820,1
17755,1
8498,1
14974,1
10849,1
5262,5
2246,1
1595,1
17045,1
9678,2
14370,1
8111,2
13751,1
7349,1
15383,2
4190,1
11121,1
557,1
5707,1
295,1
5630,1
11805,1
7788,1
16998,1
4227,1
13349,1
18014,1
15765,1
13390,1
13052,1
12423,5
16374,1
14037,1
11219,1
14162,1
16950,1
268,1
13188,1
5565,1
1247,2
6500,1
473,1
249,1
12949,1
8812,1
2120,1
4448,1
17911,1
14182,1
2015,1
13310,1
12528,1
1627,1
10297,1
136,1
7417,1
12512,1
4802,1
7278,1
4485,1
15839,1
5949,1
11369,1
17302,2
11362,1
12010,1
17997,1
6669,2
3989,2
14188,1
5777,1
145,1
17473,2
6550,1
2600,1
2730,1
11535,1
5774,1
14368,1
10338,6
13533,6
15397,1
5579,1
4855,1
10994,1
9806,1
15820,1
13521,1
12308,1
4193,1
5373,1
4134,1
7872,1
1537,1
10979,1
14951,1
14032,1
386,1
15212,1
7095,2
5398,1
4280,1
2281,1
15533,1
8676,1
12821,2
6592,1
5627,1
8013,1
15280,1
11822,1
16714,1
14948,1
5264,1
5614,1
16369,1
984,1
4806,1
2880,1
9091,1
13384,1
2411,1
8923,2
6132,1
9035,1
17685,1
18364,1
558,1
13378,2
17613,1
9405,1
1265,1
469,2
15194,1
14313,1
1289,1
5029,1
15669,2
7346,1
14628,1
11298,1
2007,1
7325,6
2370,2
17937,2
1417,1
9886,1
9186,2
6863,1
13086,1
8317,1
6444,1
3854,1
10779,1
8482,1
4235,1
15639,2
5841,1
12242,1
15411,1
15958,1
12441,1
5715,1
4705,1
15875,1
9981,1
1603,1
15327,1
15213,1
4925,1
8543,1
14629,1
4912,1
15091,1
8757,1
11882,2
11968,1
8254,1
5180,2
14467,2
1579,1
2833,2
16463,1
16717,2
4575,1
12792,1
9936,2
1523,1
5135,1
7471,6
5088,1
18215,2
13224,1
2661,1
11265,1
2953,2
9610,1
3631,1
17670,2
5820,1
17179,1
8549,1
2996,1
326,1
6323,1
7655,1
1465,1
13284,1
2330,1
9731,1
15744,1
974,6
13345,2
462,1
3555,1
13300,2
4144,2
12413,1
5950,1
12585,1
6423,1
1651,1
18335,1
9645,1
17116,1
17307,2
11123,1
11868,2
16897,1
7189,2
5065,1
8863,1
7556,1
1018,2
5419,1
1618,4
9225,1
9088,2
308,1
8030,1
2639,2
1367,1
4052,2
15738,1
8615,1
7537,1
11976,1
4205,1
16460,1
476,1
11804,1
3858,5
13802,1
10349,1
627,2
4198,2
15933,1
7572,1
9202,1
9668,2
4237,1
15725,1
3783,1
2831,1
6533,1
5910,1
9201,1
17146,1
10765,1
4036,1
14089,1
6819,1
7228,1
18040,2
17413,1
11654,1
9185,2
10595,1
12673,1
15773,1
16202,1
11038,1
12759,1
11460,1
16854,1
5767,1
766,1
6899,2
10893,1
1015,2
15429,1
17507,1
14860,2
4097,1
2145,2
16419,1
9367,1
10208,1
8732,1
1170,4
1276,1
9718,2
4082,2
14718,1
17011,1
14668,1
427,1
4395,1
9739,1
6507,2
7883,1
8318,1
16161,1
8398,2
5509,2
10492,2
15917,1
11089,2
11076,1
8871,1
15618,1
5355,1
10993,1
4282,1
9521,2
1948,1
1869,1
17780,1
7169,1
9333,1
3861,1
852,2
1464,2
11790,1
16988,1
2763,6
9824,1
17078,1
8452,1
6078,1
10990,1
13797,1
17570,1
8278,1
7280,1
7036,1
10640,1
9084,2
12397,6
8020,1
6027,1
12819,1
9435,2
10984,1
10328,1
7670,1
4701,3
4079,1
16296,2
6414,2
6884,1
6395,1
16435,1
547,1
6782,1
12323,2
13848,1
16931,1
13047,1
12899,1
13329,2
4423,2
12282,2
10582,1
2320,1
14729,2
1453,1
10856,1
13396,2
2768,6
12150,1
16458,1
2022,3
9494,1
12699,1
448,4
3116,1
12320,6
2606,1
2214,2
9555,1
4024,1
14977,1
5534,5
15762,3
8530,1
11560,1
11408,1
11086,1
2101,1
15649,1
16671,2
9328,1
1785,1
973,1
13683,1
15024,2
1917,1
9200,1
9449,2
4901,1
5736,1
4723,1
4066,1
12941,2
2148,1
14036,1
14750,1
6846,1
16337,2
1096,1
14688,1
539,1
9282,1
12023,1
16576,1
3513,2
14207,2
10147,1
7324,6
4788,1
11644,1
14959,1
8684,1
13911,1
17596,1
9340,1
9106,1
14637,1
5495,2
5677,4
13139,1
16973,1
7774,1
4666,1
10151,1
13081,1
14914,1
13760,1
17861,1
7128,1
13629,1
17475,1
1180,4
4081,1
6869,1
12093,1
17437,1
4538,1
8125,1
8357,1
9917,1
1590,2
4980,1
3,1
10694,2
5827,1
16775,1
2329,1
4777,1
3083,1
8107,1
4061,1
10230,1
10627,2
14053,1
2951,1
18249,1
936,1
3381,1
3434,1
16889,1
17501,1
6451,1
14696,1
11371,2
5581,1
18290,1
11626,1
10873,1
3351,1
8287,1
2956,1
9751,1
8993,1
12820,1
7820,1
17441,2
3880,1
8803,1
16974,1
3875,1
14496,1
17604,2
1763,2
15715,2
6428,5
10610,1
7702,2
11473,1
11153,2
5871,1
4035,1
2282,1
10510,1
11929,1
16032,1
16548,2
2853,5
6580,1
9296,2
10689,1
6637,6
1713,2
10044,2
15567,1
2933,1
1080,1
3336,1
938,1
4224,1
13223,1
18342,1
15701,1
5583,1
7487,1
2814,1
6766,1
12913,1
11718,1
11706,1
11403,2
8425,2
13085,1
16409,2
9466,1
3309,1
14879,1
3234,1
10204,1
15593,1
14463,1
5190,5
3882,1
13861,1
4394,1
14404,6
10423,1
10169,1
3658,1
9754,6
9288,1
11346,1
8781,1
12729,1
7890,1
10285,1
18114,2
5500,1
14015,2
14103,2
4,2
333,1
16417,1
15591,1
8825,1
9758,1
6570,1
18065,1
11222,1
13620,1
12175,1
1243,2
13943,1
2452,6
15184,1
17158,1
18262,1
6363,1
7720,2
2607,1
8004,1
5011,1
17660,1
8664,1
16608,6
14640,2
4078,1
17064,1
11035,1
18354,1
11142,1
12935,1
466,1
12006,1
5475,2
1939,1
7563,1
14441,1
14108,2
7261,1
7669,1
7347,1
17789,2
10780,1
10501,1
9821,1
4089,1
15039,6
14284,2
15562,1
2762,1
3650,1
6691,3
15256,2
4675,1
15979,1
5414,2
7185,1
5460,1
2225,2
10111,1
16968,1
504,1
5305,3
13627,1
4529,1
5878,1
12864,1
1866,2
5755,1
827,1
12574,1
10261,1
18150,2
7206,1
16683,4
4942,1
6441,1
8739,1
9963,1
18103,1
12194,2
4063,1
12826,1
14062,1
8294,1
10290,1
13280,2
1623,1
3808,1
3286,1
10310,1
10696,2
15178,1
4412,2
14486,1
1970,2
15758,1
16664,1
805,1
16800,1
11118,1
3927,1
12260,1
6602,1
10457,2
3069,1
12213,1
885,1
11188,1
4852,1
15389,3
13539,1
16235,2
961,1
5227,1
16076,1
3985,2
16464,1
16001,1
1906,2
6321,1
1509,1
735,1
12338,1
13564,1
11128,1
8445,2
2350,1
5477,2
11753,2
1577,1
3583,1
5202,1
13773,2
17480,1
10070,1
15523,1
18054,1
7171,1
12647,1
12451,1
6408,3
8957,1
11553,1
1091,1
14797,1
7026,1
5726,1
11934,1
12628,2
649,1
8966,1
4233,1
14163,1
16002,1
17653,1
10488,1
5184,4
4767,1
16329,1
17471,1
16851,1
13137,1
17999,1
11339,1
16177,1
7744,2
5510,1
15029,1
2280,1
9392,1
1963,2
8081,2
478,1
12119,2
10284,1
7139,1
4636,1
9687,1
9496,1
724,1
8835,1
11682,1
9590,1
9182,2
6135,1
8031,1
15731,1
6396,1
2824,2
15435,1
15033,1
11650,1
15699,1
15540,1
5017,1
5126,1
10353,1
17282,1
15309,1
3405,1
10827,1
6190,1
1805,3
10345,1
13216,1
14316,1
95,2
15806,1
18304,1
10491,1
18031,1
8605,1
10223,1
9154,1
5424,1
15596,2
14029,1
14670,1
15026,2
16039,1
13472,1
5031,1
14872,1
15147,1
14175,1
5000,2
13951,1
17472,2
8431,1
4447,1
5996,1
16175,1
1918,1
9866,1
17309,1
13912,1
5544,1
16359,1
16771,1
3749,1
5132,1
15541,1
14821,2
7860,1
2249,1
4772,1
13068,2
7626,4
17186,1
359,1
5306,1
6040,1
11905,1
7606,1
1480,1
8520,1
12666,2
4659,1
943,1
6153,1
6762,1
15271,1
5046,1
959,1
7007,2
18336,1
475,1
7969,2
2185,1
886,1
6149,1
11000,1
13500,1
14717,1
7682,2
12725,1
3302,2
1097,2
4391,1
7082,1
2001,4
14488,2
9891,1
10513,1
15573,1
8194,1
13504,1
694,1
2860,1
10170,1
2790,1
12656,1
16993,2
17769,1
11763,1
1861,1
2041,1
10086,1
10969,1
6893,1
7233,1
2293,1
10836,1
12544,1
3152,5
14982,2
15811,1
8334,1
16990,1
5720,1
2482,1
13110,1
11065,1
4469,1
12487,1
10168,1
12367,1
7133,1
13752,1
597,6
9629,1
12274,2
2854,1
8095,3
16996,1
3954,1
15502,1
16884,1
5937,1
4216,1
3944,1
1085,2
8066,1
7949,1
15530,1
16146,1
6729,1
540,1
8236,1
12330,1
8487,1
13514,3
9147,1
14223,1
3823,1
8197,1
9411,2
14261,1
9568,1
17289,1
15763,3
13133,1
6499,1
7287,1
1753,1
16302,2
15691,1
13894,1
14458,1
2207,1
14461,1
5780,1
12736,1
12108,1
18173,2
14076,1
12206,1
6740,2
4379,1
4258,1
16332,1
14897,1
9538,1
10226,1
17907,1
15747,1
15748,2
3060,1
11613,1
2026,1
8400,1
8745,1
11597,1
271,1
9846,1
6833,1
14975,1
9176,1
17987,1
6618,1
6060,1
8912,1
15620,2
18085,1
11506,1
10217,1
13067,1
10870,2
2019,2
2583,1
15066,1
11760,1
8647,2
12335,1
14581,1
9102,1
17249,2
3681,1
7447,1
6379,5
10673,1
6892,2
3040,2
16617,1
12928,1
13441,2
14487,1
7491,1
12334,1
13357,1
493,1
3162,3
12232,1
12029,2
18353,1
12740,1
11551,1
606,1
11289,1
2155,1
18047,1
6170,1
6930,1
12095,1
8737,2
10538,1
12141,6
11996,1
17074,1
4941,2
12017,1
5689,2
7851,1
12077,6
16869,1
2519,2
1258,1
12502,1
3410,1
7489,2
9031,1
13257,2
14988,2
3416,2
8834,1
6348,2
14861,1
14803,1
6919,2
16151,1
11122,1
15094,1
13415,2
16231,1
92,1
5124,1
12795,1
9901,1
1382,1
7453,1
13302,1
12918,1
423,2
5347,1
7944,1
3326,1
8909,1
3852,1
2894,2
15992,1
18137,1
13830,1
9681,2
6983,1
6756,1
2826,2
17909,1
3253,2
12429,1
6838,1
14722,3
7892,2
1508,2
3050,1
6164,1
8795,1
3856,2
18247,1
12852,2
11671,1
17361,1
10073,1
3771,1
11023,1
8748,1
3442,2
12307,2
13693,2
16895,1
3065,1
16726,1
16091,1
8324,2
15515,1
9734,1
3723,1
14596,1
1035,1
10936,2
13264,1
16107,1
9406,1
9420,1
2815,2
1609,1
7365,1
9700,1
9527,1
17477,2
6002,1
11635,2
14956,2
13282,2
6461,1
2896,3
925,2
10740,1
1870,1
1282,1
2788,2
15546,2
16488,1
914,1
18011,1
12013,1
7274,2
10184,1
5671,1
1556,2
12046,1
7088,1
8313,2
13071,2
8766,1
10107,1
4626,1
3567,1
16858,1
7971,1
4633,1
5350,1
1604,1
8827,2
2348,1
5020,3
16274,1
9215,2
8532,1
10536,1
8429,1
8629,2
3930,1
5403,1
1093,2
1181,1
8989,1
10946,1
4951,1
17979,1
9391,1
502,2
15272,1
1885,2
657,1
322,1
15324,1
6750,1
9341,2
17560,2
16698,1
7446,2
13961,1
13111,1
460,1
14336,1
1448,1
9379,1
7423,6
12841,1
12030,1
3443,1
17611,1
5750,1
5775,1
14725,1
12675,1
1373,2
14000,1
2587,1
8421,1
5741,1
12758,1
3718,1
1246,2
13743,1
17667,2
12797,1
15368,1
13730,1
2114,1
9294,1
11692,1
3269,1
7538,1
70,1
8918,1
8937,1
2913,1
3889,1
8944,2
8640,1
12321,2
2344,1
8548,2
14146,2
13423,1
6917,2
83,1
12772,1
7741,1
2016,1
161,1
15488,1
8789,6
14828,2
9855,1
16929,1
8471,1
18326,2
5828,1
2450,1
2936,1
2545,1
1142,1
1960,1
14333,1
11238,1
17747,1
8723,1
2210,4
1890,1
16652,1
10382,1
4889,1
11728,1
1179,1
13780,1
7437,1
9537,1
5881,1
13427,1
16501,2
7719,1
10988,1
13989,1
16620,1
4005,1
3463,1
3022,1
18226,1
17680,1
2999,1
18155,3
12039,1
242,1
4408,1
12250,1
9905,1
7805,2
4727,1
16222,1
17765,2
16450,1
5547,2
11512,1
14038,1
17936,1
12559,1
6975,1
5390,1
18280,2
1570,2
1294,2
11754,2
17228,1
11701,1
4230,1
8056,1
13206,2
9052,3
16942,1
12584,1
16904,1
11689,2
14960,1
9559,1
1998,1
11093,1
283,1
14978,2
16029,2
5370,2
231,1
2609,1
1845,1
7899,1
10520,1
7234,1
7940,1
1539,1
16980,6
6852,2
3467,5
4581,1
13745,1
11606,2
3932,1
3499,1
14767,2
3339,1
8545,1
3316,5
5535,1
13430,1
8454,1
14843,1
12435,1
17449,1
2902,1
13552,1
499,1
2212,2
17886,2
18243,1
5507,2
1462,1
18286,1
6030,1
10252,1
12311,1
17966,2
15628,1
17972,1
960,1
14341,1
5900,1
8553,1
3104,3
16839,2
17883,1
15009,1
1555,3
16022,1
8152,1
17313,3
4409,1
5890,1
12184,1
867,2
6341,1
8279,1
11538,2
5273,1
5779,1
8367,1
10500,1
4965,1
12771,2
18132,2
1184,2
3606,1
2368,1
15441,1
5089,1
17842,2
6208,1
13778,1
5650,2
13404,1
16253,1
635,1
9183,1
17885,2
1163,1
5332,4
8241,1
6749,1
5378,1
17073,2
16532,1
16477,3
13391,1
16846,1
15164,1
6645,1
11208,1
17945,1
3101,1
10639,1
10623,1
7295,1
17901,1
2635,1
15678,1
1078,2
16297,2
2613,1
11660,1
10533,1
918,1
12131,1
12892,1
2836,1
7811,1
9469,1
15984,1
14257,2
14925,1
13469,1
10406,3
5215,1
7288,1
15058,2
87,1
16848,1
17013,1
9231,1
4041,1
5086,1
14473,1
2918,2
5637,1
12516,1
8920,1
9071,1
783,1
15549,1
17263,2
2877,4
225,1
13518,1
15720,1
110,1
8731,1
4283,1
934,1
9836,2
2066,1
6343,2
17940,2
18321,1
16662,1
9776,1
16065,6
2469,2
17278,2
4612,1
15687,1
13114,2
3865,1
15222,1
3250,2
12454,6
11226,1
6594,2
8476,1
18092,1
14444,1
26,1
13714,1
3188,1
4030,1
11713,1
17483,1
18010,1
10057,2
9399,1
4700,1
294,1
9222,1
7393,1
17005,1
7145,1
13585,1
14382,1
5140,1
13372,1
17539,1
4641,1
9960,2
16023,1
9402,1
8573,1
15907,1
4888,1
13712,2
1927,1
3514,1
8072,4
3464,1
3747,2
7359,1
1468,1
13765,1
6314,1
11189,2
10074,2
3027,1
18319,1
16392,1
13839,1
2301,1
13551,1
13348,2
909,2
7219,1
7793,1
361,1
16087,2
10552,1
3883,1
13984,1
7981,1
17093,1
7590,1
17198,1
6146,1
2176,1
7272,2
17621,1
13621,1
866,1
17699,1
14605,1
5574,1
10693,1
5421,2
13932,1
4981,2
15083,1
6158,1
13648,1
7674,1
12181,1
15614,1
234,1
3781,1
13671,1
17316,1
4897,1
11544,1
17862,2
16984,1
2677,3
12365,1
8672,6
3136,1
8799,1
2778,1
13172,1
12714,1
3894,1
16232,1
2542,1
6604,1
3013,1
15559,1
9732,2
13170,1
15150,1
10733,1
13570,2
18338,1
17806,1
8709,1
17451,1
15506,1
6056,1
2731,1
11714,1
11221,1
16554,1
3210,4
8346,1
5501,1
17425,2
17627,1
16134,1
14513,2
14260,1
15477,1
9044,1
12300,1
17722,1
3641,1
13192,1
8288,1
2432,1
6818,1
4323,1
15401,1
8387,1
4610,1
9663,6
4893,1
4598,2
15749,2
2297,1
14174,1
8300,2
3447,1
1711,1
15966,1
9284,2
619,1
12875,1
15667,1
15937,2
4652,1
10705,1
16290,1
6503,1
412,2
199,1
1220,1
1319,1
14536,1
183,1
11948,1
8992,1
12243,1
14028,4
14844,1
2182,1
8648,1
2349,1
10647,1
8470,1
10085,1
5354,1
9446,1
9920,1
17859,1
647,1
4653,1
12094,1
880,1
13850,1
5077,1
3208,1
4818,1
1777,1
11229,1
11628,2
11100,1
9400,1
11601,1
12683,1
5879,1
13582,1
11518,1
994,1
16723,1
9594,1
3902,1
13428,1
12969,1
13919,1
17669,1
18088,1
16947,1
16263,1
3181,2
11253,1
5360,1
10429,1
5269,1
5888,1
9276,6
8632,1
7474,1
9152,1
13843,1
5600,1
15848,1
19,1
2794,1
9474,2
17237,1
3853,1
4832,1
9038,2
18172,1
5335,1
10958,1
2738,1
16767,1
9456,2
15131,1
8000,1
13090,1
9931,1
15134,1
9462,1
16906,1
17582,1
6227,1
745,1
16287,1
9057,1
14826,1
2690,1
5840,2
7930,1
5818,2
16319,2
16326,1
7750,1
6494,1
10803,1
16573,1
17500,3
901,1
5702,1
533,4
5253,3
1669,1
4681,1
2900,2
4867,1
10367,1
11280,1
3011,1
2274,1
13979,1
5821,1
17421,1
15746,1
14877,2
5595,1
14789,2
16221,1
13019,1
14186,1
6989,1
8671,1
12459,6
14192,1
17751,1
8925,1
8638,1
15631,1
12225,1
14165,1
1256,1
7922,1
14148,1
2351,1
14259,1
2111,1
12275,1
4454,1
9745,2
15521,1
13906,1
12825,1
8724,1
3866,6
13972,1
12482,1
3929,1
8389,1
18177,1
8293,1
16085,2
18361,1
10470,1
7550,1
18138,1
5657,1
14931,1
15221,1
13638,3
18027,2
4249,1
10652,1
4095,1
13112,1
14380,1
1926,1
5374,1
17050,1
13183,1
17902,2
15850,1
9211,2
16765,1
9805,1
13710,1
9275,1
5706,1
14376,1
15373,2
8065,1
14285,1
7479,1
7894,1
14247,2
13990,1
11045,2
5217,1
3473,1
14530,1
14236,2
15977,1
4634,1
1123,1
16136,2
10573,1
2311,1
11381,1
14683,2
5148,1
17545,1
3451,1
7073,1
9673,1
11747,1
2053,2
18279,1
12125,1
5203,1
13204,1
6425,1
629,2
8022,2
12068,1
12791,2
18375,1
11803,1
13046,1
8068,1
7693,1
1431,1
18235,1
6472,2
8846,1
9306,1
14541,1
5803,1
9366,3
17109,2
18021,1
13818,1
17674,2
11119,1
18212,4
8758,1
963,2
7504,1
17924,1
14387,1
6837,1
2341,1
426,1
6495,1
10177,1
8574,1
5504,1
4816,2
3264,1
13324,3
13869,3
2851,1
11957,1
12905,1
9929,1
17561,1
12171,2
654,1
12111,1
11729,2
3094,1
4068,2
12333,1
12849,1
222,1
887,1
16277,1
16185,1
3750,1
16715,2
14635,1
1634,1
16142,2
14043,2
16342,2
11443,2
16695,1
14143,2
6207,1
1262,2
8242,1
7864,1
5408,1
11755,1
18197,1
9995,1
15914,2
1743,1
11345,1
13117,1
16097,1
8310,2
12025,1
9617,1
6773,1
3423,1
1033,1
12846,1
4007,1
15137,1
15313,1
9489,1
9348,1
5954,1
1222,1
16571,1
16406,2
6186,1
16871,1
3036,1
11906,1
17204,1
12481,1
11788,1
6352,1
10067,1
6928,2
3885,1
10294,1
10318,5
6823,1
7178,1
11602,1
11777,2
7643,1
6790,1
3274,1
9470,1
18277,1
5981,1
11055,1
9930,1
1652,1
5131,1
8768,1
2619,1
9913,1
8978,1
8130,1
7884,1
3173,5
10759,1
8883,1
15125,1
10432,1
10439,1
13535,1
8371,1
10186,1
1321,2
9055,1
13669,1
7817,1
5019,1
2198,1
6997,1
14393,2
9631,1
5737,1
678,2
16280,1
6034,1
14098,1
17367,2
15346,2
3077,1
9689,1
8117,6
3359,1
8506,1
2092,1
6613,1
15710,1
941,1
107,1
10516,2
3949,1
14906,1
4627,1
16734,1
14169,1
7602,1
3565,1
12985,1
6330,2
16563,1
730,1
11044,2
5189,2
12965,1
5163,1
9141,1
13767,2
18271,1
721,1
10038,1
7926,2
14498,1
8533,1
3438,1
12083,1
8124,1
6255,1
4189,2
14540,1
8760,1
16832,2
12560,1
15575,2
3161,2
16068,1
12440,1
11484,1
9596,1
18255,1
11642,1
7476,1
12,1
14193,1
8995,1
13044,1
17756,1
1512,2
15898,1
5506,1
12258,1
5386,1
5201,1
1630,3
16372,1
15819,1
5976,1
4199,1
12586,3
5293,1
2205,1
5415,1
1793,1
5479,1
8469,2
8526,1
15110,1
3180,1
1908,1
16462,1
12983,1
15834,1
7893,1
15970,1
6608,1
3805,1
5971,1
480,1
7266,2
3591,1
11455,1
12497,1
13250,1
7948,2
5607,1
4176,1
17965,1
4863,1
10183,1
10953,1
8707,1
14052,1
5961,1
14957,1
6492,1
16108,2
7918,3
818,2
3727,1
7123,1
2921,1
748,1
6199,1
16125,1
13186,1
16143,1
1194,1
10592,1
12867,1
18315,1
11808,1
4998,1
14033,1
6254,1
18049,1
5445,1
14986,1
15425,6
12810,1
4302,1
13142,1
10615,1
9649,1
15020,2
10149,1
8406,2
13301,2
12153,1
11447,1
1953,1
14279,1
8721,1
12668,1
13403,1
5122,1
17184,1
4755,2
1683,1
6234,1
5989,1
12472,1
11067,1
9615,1
14515,1
10962,1
3937,1
17860,1
2782,1
17059,1
2229,2
5036,1
12291,1
12590,4
3053,1
14508,1
14938,1
7814,1
16855,1
10412,3
17874,2
13884,1
15037,1
14820,2
3801,1
7499,1
483,1
4429,1
11926,1
16389,1
10883,1
1729,1
2052,1
11407,2
10482,1
10922,1
15365,1
5807,1
15739,1
15616,1
17448,1
12386,1
11577,1
15456,1
4462,1
1201,2
5133,1
5016,1
11499,1
6804,1
18369,2
16561,1
3007,1
12588,1
4171,1
5042,2
1709,1
9515,1
6316,2
3194,2
12672,2
14371,1
60,1
815,1
8678,1
14386,1
6995,1
15967,2
9867,1
7997,1
6970,1
3433,1
10238,2
11675,1
16558,1
6069,1
16666,2
4535,1
16343,1
8653,1
16564,1
16430,1
2048,1
548,1
7816,1
8597,1
5631,2
18287,1
11609,1
8397,2
189,1
18367,1
8299,1
5711,1
14714,1
1267,2
12896,1
14027,1
15374,2
18112,1
13696,1
3185,2
7157,1
1234,1
4707,1
2979,1
12133,1
13809,2
3032,1
3984,2
2838,2
10588,1
11540,1
5952,1
8227,1
10460,2
9410,2
583,1
11316,2
4194,2
9053,1
5794,2
2285,1
18171,2
13634,1
3533,1
10616,1
11523,1
4774,1
8085,2
14779,2
10812,1
2057,1
12717,4
1852,1
6974,1
10311,1
659,3
12290,6
4676,5
16154,1
8121,1
4902,1
6699,1
6788,1
1574,2
4397,1
9227,1
4677,1
520,2
3348,2
12048,1
3015,1
16391,1
17610,1
4107,1
10607,1
6720,1
5281,1
12495,1
14673,1
3385,1
12073,1
12050,1
9935,1
17068,1
13101,3
9721,1
6932,1
13795,2
15881,1
14520,1
267,1
10947,1
14126,1
4340,2
1406,1
8265,5
11462,3
8422,2
4279,1
10877,1
3825,1
14221,1
16802,1
521,1
8392,1
2312,1
13907,1
5979,6
581,2
16338,1
11120,2
4718,1
4247,1
17537,2
8708,1
11365,1
14630,1
15902,1
8097,1
8786,1
9042,2
3093,1
677,1
12196,1
9041,1
17166,1
1772,1
14873,2
13308,2
4853,2
15909,1
10773,1
16196,4
3361,1
13852,1
11903,1
17506,1
1087,1
7250,1
13921,1
15574,1
11158,1
439,2
8269,1
14097,1
8432,1
13665,2
374,1
816,1
13824,1
1165,1
12838,2
786,4
15138,1
12229,1
11456,1
13317,2
9791,1
11655,2
4016,2
1059,1
14625,1
9799,1
4726,2
16111,1
7902,1
1863,1
432,2
16911,1
9329,1
13083,1
551,1
1955,1
1279,2
10743,2
41,1
10249,1
5694,2
14738,1
8830,1
13022,1
17656,2
13156,1
14713,2
8157,1
9318,1
7850,1
5923,1
14490,1
2398,1
8349,6
2729,1
18094,1
17807,1
17527,2
8593,1
9797,1
11223,1
6362,1
17717,1
7315,6
18230,2
16654,1
3278,1
877,1
17341,2
11251,1
17504,1
9958,1
536,2
16849,1
4355,1
3369,1
10746,1
9927,1
2126,1
4422,2
1544,1
13791,1
13872,1
213,1
17876,2
14306,6
12117,1
14766,2
12031,1
5599,1
101,1
9987,1
11321,2
18314,1
8240,1
6940,1
12511,1
16796,1
12688,1
1310,1
116,1
11167,1
1667,2
9083,1
3295,1
6364,1
7964,1
11313,1
7739,1
8080,1
2610,2
15099,1
5107,1
5990,1
562,2
12190,1
12955,1
1252,1
18256,1
17409,1
6831,1
14006,1
3888,1
13558,3
5734,1
5665,2
8283,1
13057,1
11303,1
17836,1
11703,1
142,4
2200,2
5896,1
7762,2
13471,1
257,1
15778,6
9831,1
106,1
15956,2
6465,2
4183,1
8642,1
2406,2
297,1
13495,1
742,1
12974,1
9762,1
11575,2
10287,2
2023,1
471,2
12713,1
10613,1
9135,1
6050,1
16025,1
17682,1
916,1
14616,2
4704,1
3056,1
17695,3
14998,1
6791,1
4204,1
13361,2
4572,1
5928,2
12566,3
6302,2
11135,1
12135,1
17479,2
2271,1
3535,1
14289,1
4385,1
8620,1
17985,2
13949,1
13334,2
2438,1
2820,2
18113,1
992,1
7956,1
9906,1
166,1
10458,1
1124,1
8446,1
14892,1
9988,1
261,1
7661,1
12139,1
10464,1
14615,1
16525,1
18166,1
3044,1
18216,1
580,1
16446,1
15897,2
4291,1
15111,6
4839,2
14469,1
13842,1
7321,1
7444,1
10834,1
18210,1
11704,1
17818,1
5142,1
4838,1
10897,6
12534,1
13617,1
16318,1
1393,1
17106,1
17181,1
15996,1
33,1
2899,2
1227,1
5251,1
7141,1
5867,1
7635,1
1370,1
1624,1
14731,2
17822,1
3968,2
2032,1
13400,1
14658,1
9177,2
2720,1
2987,2
1519,2
6992,1
6776,1
12916,1
4684,3
702,1
6350,2
851,1
6900,1
9307,1
6532,1
3226,1
7581,1
3062,1
3476,1
16400,1
16943,1
3272,1
1241,4
17259,1
10959,1
4046,1
4407,1
16633,1
4796,1
9434,2
7842,1
3721,1
5776,1
16437,1
65,1
7356,1
5448,1
12522,1
14881,1
15737,1
15527,1
8986,1
3127,1
12485,1
1681,6
9090,1
16876,1
15872,1
6280,2
7756,2
5792,1
13155,1
17039,1
3317,5
9452,2
15923,1
6202,1
14833,1
1497,3
2156,1
12297,1
510,1
3422,1
2354,4
18015,2
6772,1
6300,1
6455,1
1952,1
8658,1
15185,1
9508,1
1670,1
1975,1
7379,1
6263,1
9697,1
7638,1
10062,1
14231,1
5590,1
429,1
14166,1
826,2
6066,1
17724,1
1646,1
14542,2
6347,2
5911,5
14365,1
16740,1
4033,2
537,1
2463,2
10790,1
5826,1
12361,1
4847,1
6111,1
17060,1
7032,1
17436,1
15316,1
6018,1
13129,1
15333,2
9385,1
345,1
6828,1
11467,1
1361,1
3939,1
18133,1
7824,1
5212,1
2507,1
11578,2
4891,2
7745,2
16459,1
5080,1
3903,1
1765,1
7703,1
13616,2
12055,1
14666,1
3198,1
13060,6
8504,1
6565,2
11393,1
10245,1
13915,1
15362,2
1834,2
7501,2
593,1
10084,1
5199,1
6581,1
11569,2
7773,1
6747,1
11232,1
12947,2
7140,1
7311,1
8466,1
10835,1
11853,1
8996,1
314,1
3418,1
4617,1
13456,1
8453,1
7030,1
985,1
7644,1
98,1
3118,1
5277,2
9017,1
15938,1
212,1
16380,1
4834,1
14602,2
11006,1
5824,2
16031,1
16042,2
5602,2
8340,1
610,1
12648,2
5211,1
1219,1
12402,2
3388,1
12192,1
13109,1
16156,2
1115,1
8583,1
13822,1
2539,1
15690,1
7617,1
1614,2
12536,1
9184,1
10326,2
11349,1
7282,1
4417,1
50,1
15217,1
6184,1
3564,1
8358,1
1213,1
2852,6
1511,2
5085,1
17617,1
5700,1
7360,1
13964,1
12575,1
11647,1
3563,1
17447,1
2150,1
12765,1
8572,1
10200,1
11715,1
18333,1
2525,2
16069,2
1092,2
393,1
3699,1
8842,1
16963,1
13290,2
12302,2
5168,1
10443,1
11871,1
1715,1
3251,2
770,2
4750,1
12591,2
18218,1
11105,2
8165,1
7973,1
14350,1
13618,1
181,1
15155,1
14241,2
11270,6
16129,2
3500,1
14401,1
13980,1
10603,1
9498,1
4399,1
12687,2
17572,1
10645,1
10141,6
13191,2
8369,1
7160,1
11432,1
17248,1
14601,2
14256,2
2456,1
3340,1
11683,1
11361,1
1740,1
6947,1
15665,1
10415,1
15809,2
8919,2
12573,1
845,1
3793,1
10441,1
12964,1
14069,1
2547,1
8569,1
15281,1
17112,1
7711,1
2262,2
6509,1
10543,1
16433,2
1747,1
5283,1
47,1
1005,1
981,1
4490,1
10400,1
12376,1
7545,1
16444,1
11645,2
15208,1
10229,2
16308,2
8839,1
13131,1
2494,1
10957,1
6125,1
7322,1
12898,1
1789,1
6925,1
5359,1
5984,1
1440,2
2364,1
5340,1
6623,1
3550,1
6194,3
13579,1
16239,1
12967,1
17347,2
2412,1
10104,1
8212,2
1067,1
18175,1
15159,1
17977,1
9149,1
11687,1
15022,2
5480,1
4896,1
842,1
17201,1
1496,4
4946,1
16582,1
424,2
7508,2
5787,2
6523,1
2895,2
1404,1
14748,1
12968,1
12151,1
2513,2
10655,1
13461,1
17214,1
7709,1
9321,1
13956,1
8764,1
13253,1
6745,1
9588,2
15505,1
5942,1
13929,1
2429,1
1764,1
5901,2
17585,1
8973,1
6265,1
13747,1
11894,1
17732,1
8417,1
4630,1
3484,1
9759,1
9371,1
3107,2
16829,2
2179,2
1859,1
12398,1
7668,1
3777,1
9765,1
16327,1
714,2
10505,1
11586,1
16586,1
17429,2
5246,1
577,1
613,1
3074,3
3441,2
3043,1
14100,2
13750,1
11068,3
5100,1
16545,2
3505,2
17118,1
9665,1
9322,1
7779,1
15206,1
7910,2
6436,5
17212,1
13612,1
14528,1
16216,1
14868,2
18238,1
13452,1
5514,5
17052,1
4261,1
4785,1
16295,1
15854,1
14650,1
750,1
10842,4
9553,1
6870,1
17567,1
2034,1
2377,1
9455,1
13294,1
3289,1
3688,1
15896,1
9696,2
18267,1
5810,1
1997,1
1914,1
17169,1
923,1
8991,1
16844,3
2932,1
2134,1
14857,2
10467,1
15860,2
6836,1
2882,1
6761,1
6945,1
1632,1
950,1
477,1
14158,1
4044,1
1150,2
3100,1
15040,1
4285,1
9172,1
2319,1
10195,1
1351,5
16179,1
4780,1
9655,1
15413,1
2940,1
11552,1
5288,2
10256,3
9865,2
17317,2
2203,1
7292,1
11103,1
5854,1
4851,2
4872,2
7130,1
3752,1
8105,1
3950,1
1867,1
15459,1
9216,1
12392,1
2796,3
6430,1
9335,1
14171,2
4909,1
14697,1
10554,2
12903,1
665,1
13530,1
2732,1
11087,1
11281,1
7191,1
8182,1
13509,1
17178,1
11786,2
4456,1
7339,1
4136,2
9899,1
7566,1
8771,1
8967,1
7540,1
6210,1
7284,1
11308,1
11679,1
6283,1
18204,1
5325,1
4043,2
176,1
641,1
10679,1
18191,1
1470,2
5728,1
15916,1
16016,2
4648,6
935,1
3327,1
17954,1
7680,1
15104,1
3402,1
6573,1
7559,1
18023,6
5929,1
6270,2
5401,1
3190,1
18223,1
3512,1
10711,1
2161,2
4973,3
9037,1
13828,1
2917,3
17151,1
5857,1
2403,1
14972,1
52,1
16887,1
14757,2
14141,1
13774,1
15121,1
12177,1
17081,1
2706,1
1388,1
8061,1
7939,1
642,1
7512,2
12067,1
13026,1
6203,1
17056,1
5351,2
5973,1
14863,2
5423,2
13899,1
8898,1
15792,2
3455,1
1744,2
5542,1
1812,1
17276,1
1173,3
6047,2
14606,1
18372,1
4164,2
15448,1
9946,1
7467,1
4254,1
9528,1
6038,1
14474,1
5682,1
14645,1
5302,1
1314,2
10544,1
16580,1
8003,1
15913,2
5580,1
2575,1
1053,1
3890,1
10755,1
9397,1
9850,2
4209,4
3230,2
10747,1
6906,1
14440,1
16507,1
14636,1
807,1
12671,2
11796,1
8829,1
12922,1
2571,1
7011,1
10306,1
11333,1
17171,1
5831,1
10140,1
4963,1
5626,1
17696,1
15927,1
10914,1
14672,1
10770,1
733,1
15934,1
13881,1
5944,1
13344,1
9290,1
3696,1
5224,1
14989,1
7983,1
2125,2
7950,1
11200,1
10813,1
17571,1
15283,1
9585,1
3619,1
6572,1
14471,1
6667,1
12220,1
15855,1
13523,1
2648,1
2222,1
8090,1
16873,1
7110,1
18198,1
265,1
18000,1
6638,2
3544,1
15703,1
11469,1
16600,1
1013,1
2760,1
15298,1
4604,2
3497,1
14690,1
14118,1
1452,2
6079,2
7273,2
7757,1
8234,5
4087,2
6528,1
16691,1
4921,1
15045,2
13490,1
4848,1
17330,1
3575,1
341,1
13451,1
14705,1
13487,1
16581,1
12657,1
4121,2
17047,1
2217,2
17827,1
9563,2
7462,1
17271,2
5447,1
14489,1
1379,1
7796,1
12943,1
14760,2
12818,1
1038,1
4420,1
5441,1
5417,1
2416,1
4709,1
15903,1
9584,1
10938,1
3988,2
4464,1
7277,3
12038,1
11438,3
1311,1
3701,1
14414,1
2793,1
10805,2
7995,1
15356,1
6759,1
7204,1
303,1
14266,1
15680,1
9273,1
9736,1
10831,1
17242,1
16587,1
2769,2
17607,1
4331,2
11030,1
13695,1
16966,1
10894,2
10517,1
4671,1
12016,1
3908,1
13336,1
7591,6
6261,2
8094,1
16822,1
2124,1
14464,1
17787,2
5078,1
6226,1
9191,1
4236,1
2699,1
13100,3
2669,1
6727,1
15524,1
13103,1
16298,2
15761,3
13256,2
14356,1
9104,1
10745,1
12658,1
16866,1
13382,1
9764,1
3821,1
248,2
17925,1
10409,2
12596,1
16713,1
17102,1
14547,1
15666,2
7475,1
7529,1
13981,1
5143,1
14607,1
17934,1
2084,1
14335,1
2455,1
8021,1
14567,3
9943,2
6115,1
7770,1
13138,1
8308,1
13214,1
6911,1
15525,1
6964,1
8688,1
130,1
6098,2
347,1
468,1
2805,2
11124,1
6741,1
10821,1
17301,1
811,1
3789,1
2153,4
11944,1
10273,1
2133,1
6041,2
12341,1
14875,2
4015,1
712,1
9747,3
7511,2
13704,1
15350,1
7405,1
7952,1
12989,2
10396,1
15128,1
6994,2
6877,1
8659,1
3766,1
10098,1
9845,1
12562,1
8071,2
3237,1
5363,1
9740,1
12346,1
12219,1
3186,4
14801,1
10478,1
10463,1
15076,1
12677,2
13557,1
5394,1
1827,4
18036,1
2257,1
17138,1
45,1
18120,1
1673,6
1349,1
12051,6
16264,1
15719,1
243,1
16410,2
12144,2
17976,1
8552,2
16467,1
4708,1
10145,1
6988,1
2586,1
16412,2
1546,2
7619,2
17654,1
4116,1
7837,4
14888,1
13986,2
2118,5
4129,1
17416,2
14943,1
13660,1
14152,2
4238,2
9326,1
2848,1
1748,2
13632,1
14813,1
18108,1
16667,1
11688,1
1073,1
6815,1
9774,1
4229,2
7241,1
9792,1
6276,1
13827,1
15990,1
8133,1
2708,1
17576,1
4400,1
14772,2
9691,1
16160,1
3503,1
5829,1
3355,1
2436,1
1583,1
15586,1
17652,2
6179,1
8006,1
3149,1
8114,1
9923,1
11239,1
16514,1
14558,1
5470,3
16074,1
6117,1
9363,3
11363,2
11888,1
2473,2
9973,2
16989,1
874,2
2879,1
7075,1
14894,1
10853,1
18126,1
11947,1
16055,1
12075,1
2039,3
6101,2
18289,1
17493,1
1231,1
13482,1
9150,2
14286,1
6332,1
18062,1
4631,1
10559,2
13731,1
2050,1
8963,1
7025,1
6100,2
7448,1
11171,1
16562,1
368,1
15231,1
16910,1
13624,1
11495,1
13034,1
12246,1
310,1
9443,1
14460,1
12283,1
2773,1
10785,2
3629,2
13123,1
4907,1
17931,1
5498,2
10749,1
3428,2
11876,1
1912,1
17805,1
14388,1
11445,1
7947,2
13074,1
7097,1
14548,1
9811,1
4023,1
4513,1
7599,1
13184,1
10572,1
4324,1
5974,1
9641,1
7069,2
15207,1
3573,1
13474,1
1697,1
14410,1
15947,1
7440,1
9954,2
10066,1
3527,1
17744,1
978,1
8710,1
12806,1
16218,1
2654,1
18288,1
6599,1
12679,1
835,2
7554,1
919,2
17488,2
17636,2
12606,5
3887,1
8774,5
16915,6
16405,2
16830,2
12444,1
14643,1
4284,1
3140,3
3596,2
8601,1
11817,2
9909,1
16630,1
14058,1
8370,1
4731,1
6811,1
8985,1
5226,1
12339,1
3298,1
380,1
7843,2
13784,1
3670,2
17547,1
4045,2
7913,3
13277,1
503,1
9972,1
5252,2
7363,1
596,2
7659,1
11478,1
7505,2
9620,1
10574,1
15815,1
14563,1
8014,1
3916,1
12187,1
5613,1
12597,1
17111,1
526,6
16725,2
9480,1
14703,1
10555,2
7164,1
2914,2
15597,1
8322,1
7389,1
2777,6
488,1
16877,1
4629,1
5289,2
10772,2
14449,1
1800,2
16371,1
14915,2
9039,1
7768,1
7576,1
16917,1
3374,2
12457,6
15919,6
381,1
10581,1
1489,1
12426,1
16648,1
10076,1
6688,6
16172,1
8643,1
1169,1
10826,1
14450,1
18048,2
7984,1
1323,2
12822,1
9622,1
1868,1
10053,1
11931,1
15336,1
17851,1
5291,1
496,1
4242,1
514,2
7326,6
11196,1
10976,2
952,1
2201,4
17054,1
11160,1
10181,1
17686,1
13882,1
11814,2
7515,3
11254,1
14202,1
4972,3
13376,1
17906,2
7477,1
13016,1
11653,1
3261,5
9228,1
2490,1
1017,1
10731,1
4933,2
1154,3
5836,2
13622,1
11587,1
15697,3
1494,1
3799,1
758,1
13116,1
585,1
8483,1
15078,1
4618,1
16141,1
6987,1
15238,1
13966,1
5699,1
9558,3
5815,1
17739,1
13218,2
14764,2
10713,1
10738,1
16880,1
2707,1
9613,1
324,1
7034,1
17651,1
939,1
622,2
245,1
8434,1
11047,2
18165,2
2172,2
321,2
958,1
14845,2
14127,2
8836,1
1568,1
8856,1
9175,1
3935,1
2186,1
9849,2
16927,1
5731,1
15503,1
13769,1
13626,1
11183,2
17992,1
9238,2
11489,1
2797,1
12830,2
8191,2
17643,1
9246,1
17095,2
8624,1
17694,2
7656,5
971,1
7528,1
5531,5
17143,1
538,1
1543,1
3635,1
12234,1
920,1
7305,6
10701,2
8327,2
10459,2
1819,1
10917,1
16772,1
15717,1
13805,2
806,2
5752,1
14296,1
11795,1
686,2
36,1
4059,2
11245,2
17998,2
10136,2
16089,2
7927,1
18273,1
9546,1
17864,1
1978,1
15884,1
2693,1
4170,1
13440,1
16079,1
6586,3
7218,1
2128,2
13992,1
1665,1
6036,1
9837,1
5545,2
7081,2
5661,1
8706,1
14281,1
3667,1
13677,5
10257,1
7221,1
18055,1
14907,1
6384,1
2823,2
16424,1
4038,2
357,1
13169,2
14580,1
9357,4
17241,2
1439,2
15775,1
17009,1
16696,1
12946,2
13222,1
12749,1
7633,1
8529,1
18357,1
9890,1
10985,2
18144,1
12645,1
6107,3
2727,2
9506,3
8754,1
16198,1
4768,1
17446,1
11956,1
16375,1
18082,2
11769,2
14264,1
6183,1
5362,2
1048,4
17055,2
6216,1
1654,1
11789,2
13368,1
5649,2
12244,1
17123,1
5743,1
5986,1
14481,2
16743,1
13383,1
6247,1
5349,1
13409,1
7780,1
18043,1
15961,1
4131,1
5103,1
17018,1
3507,2
13394,1
13646,1
12406,1
11543,1
12550,1
11074,2
9412,1
7406,1
5533,2
1359,1
17838,2
4117,1
17554,1
17819,1
17398,1
7065,1
2615,1
3193,2
1327,1
16227,1
3470,1
7484,1
16626,1
3529,1
12883,1
680,1
14197,2
5947,1
85,1
10597,1
2208,1
4738,1
12277,1
1767,1
5431,1
11856,1
9471,1
3396,1
10301,1
14694,1
15399,1
890,1
1596,1
10206,1
505,1
12756,1
11398,3
14768,2
16262,1
11284,1
3864,1
2087,1
13901,1
15379,2
10295,1
5732,1
13389,1
5061,2
10371,1
7904,1
10384,1
15653,1
97,1
15265,1
2497,2
8621,1
3912,1
4537,2
13065,1
4691,1
1776,1
12837,2
14855,2
114,1
656,2
5522,1
17375,1
3704,2
4758,3
8122,1
17348,2
11475,1
22,1
7410,1
11020,1
8700,1
4815,1
6598,1
1755,1
5382,1
14018,1
14774,4
1006,3
645,1
9646,1
14512,2
10899,1
655,1
8915,1
17038,1
15101,1
5893,1
9685,1
6220,1
351,1
14160,1
3735,1
10099,1
9006,6
7148,1
17531,1
3121,1
14151,1
9252,1
7210,1
5895,1
1151,1
1698,1
5175,1
12105,1
10272,1
2861,1
2144,1
5644,1
17975,1
11959,2
16454,1
414,1
14227,1
10885,1
7465,1
15464,1
1432,2
14834,1
18006,1
6793,1
12667,1
1450,1
4650,1
5207,5
7122,1
3578,1
8104,2
15017,1
946,4
6233,1
17489,2
6067,1
14966,2
7366,1
14878,1
1060,1
16490,1
5745,1
1008,1
13957,1
411,1
7345,1
15756,1
3201,2
3981,1
15845,1
4643,1
15129,2
9842,1
12037,1
11616,1
14685,2
17266,1
387,1
15988,1
3241,1
9785,6
9230,1
10122,1
17468,2
10407,1
12116,1
1930,1
10276,6
10307,1
16675,2
12343,6
3175,1
9280,1
7800,1
10056,3
4130,1
17671,2
6355,1
15334,1
10688,1
6481,1
7118,1
18252,1
7106,2
3925,1
11779,2
5324,1
3419,1
6662,1
214,1
15827,2
7867,4
2535,2
7603,1
12887,2
9727,2
11684,1
13094,1
4181,2
15679,1
10324,1
1291,1
4380,1
18080,1
776,1
3859,1
5015,2
16447,1
15302,1
5930,1
4067,1
11054,1
9315,1
10006,1
5104,1
3354,1
9796,1
10650,3
15637,1
4880,1
710,2
17058,1
4234,2
3746,2
16769,2
13121,1
16833,2
5819,1
12611,1
6174,1
9461,2
13220,2
5220,1
620,1
10521,1
12908,1
924,1
11762,1
10481,1
7420,3
16912,1
11510,1
16962,1
6478,1
17991,1
9804,1
6102,2
2750,1
3158,1
4593,1
7249,1
8134,1
487,1
8968,1
1040,2
185,1
10303,1
6922,1
3936,1
8219,1
10474,1
6840,1
281,1
794,2
10242,1
779,1
18323,1
17899,1
4115,1
555,1
13675,1
5044,1
2366,1
13534,6
10494,1
16901,1
4792,1
11776,2
13735,1
8366,1
9065,1
8981,1
14448,1
13447,1
6650,1
955,1
18225,1
5309,1
17298,1
8168,1
17342,1
13493,1
13426,1
15648,1
1436,4
16203,1
761,5
13625,1
1947,1
10629,2
5686,1
11580,1
11353,1
16411,1
2759,5
17790,1
10196,1
8949,1
7966,2
17962,1
3876,1
12368,1
73,1
7627,1
11102,1
7207,1
6360,1
6188,1
14447,1
8437,2
7678,1
8959,1
6217,1
1127,1
12831,1
7979,1
4589,1
11117,1
4561,1
12570,2
4730,1
4600,2
7755,1
11582,1
7166,1
3951,1
8807,1
8730,1
12932,1
10768,1
1134,1
13772,1
6707,2
6464,2
14298,2
17546,1
17792,2
10351,1
12363,1
8813,1
4401,1
4206,2
11566,1
37,1
7454,1
17579,2
11721,2
12490,1
10352,1
3493,1
17513,1
5858,1
11387,1
1724,1
449,1
3698,1
10231,1
5756,1
8903,1
2009,1
15254,2
18293,1
14505,1
15863,1
6647,1
18227,1
9915,2
5933,4
5051,2
2957,2
3225,1
12650,1
3838,1
1353,2
681,1
15662,1
16886,1
16523,4
8084,1
1215,1
74,1
17770,1
8032,3
1100,6
11627,1
17868,2
18377,1
17993,1
3787,1
9710,2
6493,1
4994,1
13093,1
12156,1
4158,2
13353,2
2579,2
12919,1
15216,2
1022,1
7835,1
1615,1
16100,1
11680,1
10864,1
12112,1
16471,1
11374,1
2656,1
8304,1
3709,1
15420,1
10898,1
12907,1
1499,1
7163,1
8948,1
6752,1
6287,1
15290,1
17002,1
14723,2
11081,1
1472,1
6356,1
760,1
12960,1
13179,2
1422,1
3435,1
9190,4
8229,1
1383,1
7469,1
8884,1
16037,1
14383,1
6380,1
9,1
5563,2
1106,1
10480,1
11639,1
14198,1
543,1
6169,1
11185,1
5641,1
2983,1
34,1
5393,1
12997,1
6148,1
12858,1
1477,1
8982,1
14087,1
4667,1
13231,1
9726,1
17776,1
10506,2
10851,1
2612,2
8907,1
979,2
1487,1
457,1
16305,1
8681,1
13457,1
11282,1
12324,1
3160,1
10499,1
6306,1
9380,1
9384,2
668,1
9448,1
13168,1
16269,1
832,1
9807,1
18376,5
7646,2
9351,1
9430,1
13897,1
4375,1
15106,1
1558,1
8756,1
12245,1
5275,1
5491,1
13817,3
7033,1
4864,1
5801,1
14591,1
12663,1
6373,1
6057,1
16777,1
13173,1
9414,1
11570,2
11750,1
3820,1
2054,1
11479,1
4786,1
17535,2
287,1
16427,1
8026,1
3601,1
5402,1
1331,1
5898,1
11922,1
13753,1
11749,3
6798,2
11559,3
6711,1
1144,2
8868,1
2865,1
342,1
2267,1
13304,1
2800,1
18205,2
14219,1
12224,1
11220,1
16628,1
16152,2
11262,1
6426,1
12337,1
1139,1
15626,1
1888,1
17244,1
13450,1
15594,1
9569,1
3668,1
12448,1
10165,1
16354,2
18100,1
4335,1
15684,2
5295,1
15951,3
16952,1
751,2
1832,2
8734,1
7059,1
6381,1
10781,1
10963,1
3021,2
14521,1
4922,2
988,1
17619,6
15608,1
6136,1
7488,1
13247,1
6821,1
7090,1
1986,1
100,1
3978,1
15560,1
8280,1
1656,1
10986,1
2038,1
3549,1
18148,1
10187,2
11720,1
2901,1
14251,1
6450,1
8955,1
5606,1
11137,2
1072,1
4406,1
15702,1
10093,1
6858,1
662,1
11624,1
13858,6
4622,1
15552,1
6039,1
17698,1
1240,1
15930,6
3938,1
4172,1
14787,1
7738,1
2209,1
3461,1
17466,1
11414,2
12685,1
7401,2
17541,1
6627,1
7072,2
202,1
16940,1
15495,1
814,1
8378,2
7071,2
13401,1
11114,1
7350,1
15418,1
11041,1
4094,2
10678,1
16659,1
5229,1
12784,1
12524,1
17467,1
12748,1
9418,1
8733,1
7058,1
17051,1
10545,1
10173,1
1771,1
2141,2
11410,1
5812,2
7688,1
11250,1
16182,1
7991,1
10013,2
15070,1
1931,2
17967,1
14739,4
16170,1
10401,1
12197,1
16088,1
5870,1
13507,2
5874,1
3411,1
4138,1
5668,1
1992,1
6739,1
11263,1
10621,1
4273,1
10012,1
513,1
14903,1
6479,1
13279,2
11614,1
3097,1
11846,3
15050,1
7114,1
16242,1
9711,2
5001,3
11028,1
16310,1
14010,1
5966,1
13792,1
3358,1
9753,1
3084,1
14106,2
5233,1
8576,2
3872,1
1325,1
5791,1
3508,1
15473,2
549,1
15279,2
14185,3
7445,1
14114,1
13228,1
6187,2
9325,1
11669,2
7181,1
10120,1
15008,1
13954,1
16657,1
3320,2
11209,1
1909,1
16770,1
8644,1
5508,1
9554,1
17433,1
141,1
2077,2
8033,1
16159,1
223,1
5276,1
13623,1
11862,1
6622,2
16539,2
6011,1
4895,2
96,1
11291,1
13292,1
17863,2
6110,1
3846,6
12090,1
9403,2
5842,1
2641,1
4054,1
6155,6
10604,1
12619,2
9464,1
584,1
132,1
8292,1
14167,1
10402,1
5376,1
3450,1
11997,1
15277,1
7582,1
14866,1
3879,2
6559,1
14716,1
1704,2
4514,1
2551,1
8794,1
13320,2
11583,1
9085,1
3088,1
3996,1
9551,1
15768,1
6679,3
4084,1
16786,1
289,1
9502,3
1988,1
6896,1
7681,1
14675,1
16206,2
12216,1
12231,1
10565,5
12400,5
7426,1
13070,2
13015,1
9728,2
10691,1
4762,1
5353,1
6955,1
13358,2
4557,3
12395,1
3371,1
5026,1
5592,1
10977,1
3758,1
2315,1
17269,1
9253,1
16114,1
9010,6
13392,1
14470,1
4099,2
18185,1
15873,1
10632,2
14307,1
14045,1
2949,2
17164,1
17953,2
9925,1
11773,1
9766,1
16836,2
14862,1
5938,2
11986,2
4378,1
14733,1
10171,1
3724,1
5356,1
16451,1
11307,2
17878,1
5383,1
18231,1
13554,1
11565,1
12982,1
15065,1
5523,1
16220,1
3501,1
7834,1
9532,1
10602,1
594,1
1553,1
2215,1
4885,1
13902,1
13811,2
10418,1
15932,1
4868,2
8472,2
14311,1
54,1
3682,1
1760,1
7057,1
2798,1
2952,2
10569,1
560,1
4424,1
5847,2
4248,2
8956,1
15584,1
72,1
10381,1
11700,2
5070,1
3156,4
10077,1
6595,2
564,1
14322,1
15998,2
3064,1
1372,1
4468,1
8154,2
16653,1
12631,1
8788,1
8717,1
8374,1
10089,1
13909,1
6129,1
876,1
8465,1
3480,1
15801,2
10015,2
15430,2
2081,2
9436,1
13273,2
13360,2
6996,1
2169,2
12492,1
2574,1
7600,1
4539,1
7497,1
6382,2
3365,1
10497,1
9903,1
13702,1
7083,2
15522,1
8930,1
3090,1
8210,1
15689,2
6694,1
9386,2
5946,1
2633,1
1178,1
4765,1
1802,2
10395,1
3905,1
16286,1
11759,1
3692,1
1131,1
9706,2
13199,1
435,2
2621,1
17495,1
279,1
2876,1
9686,2
12980,1
18091,1
12222,1
15804,1
3537,1
4392,1
1825,1
1376,1
11225,1
12484,2
13860,1
1098,1
11554,1
9950,2
10720,1
8931,1
11550,1
11279,1
11354,1
9156,1
11936,1
2065,1
8344,1
3035,1
1122,1
2017,1
10784,2
16546,2
12770,1
4112,2
17485,1
14275,1
9049,1
8001,3
5757,1
9258,6
7338,1
10728,1
14123,1
9675,1
7062,3
12316,1
3203,1
14929,1
14312,1
14736,2
13261,2
9815,1
13013,1
1671,2
8656,1
4757,3
13940,2
7898,3
6376,1
13017,1
15455,1
18024,1
3970,2
8478,1
7561,1
8149,2
8409,1
5259,1
2248,1
9023,1
6497,2
4413,1
10364,1
9271,1
13161,1
3012,1
17779,1
944,1
6035,2
9967,1
10125,1
17103,1
12897,1
889,1
14707,1
2357,1
9352,1
2692,1
6272,1
4967,1
1564,2
16247,2
5975,1
2891,1
6733,1
12721,1
172,6
12523,1
1896,2
13038,2
2413,1
16252,1
3243,1
10983,2
588,1
11235,2
6477,1
14385,1
12973,1
382,2
5149,1
11148,1
850,1
10391,2
13075,1
17668,2
17306,1
10971,2
5883,1
10843,1
6695,1
11563,2
5111,1
16346,1
771,2
16746,1
18075,1
9203,1
16665,1
2010,1
9401,1
9094,1
16835,2
7028,1
10944,1
4668,1
13323,2
18337,1
14597,1
4584,1
4703,1
15600,2
8513,1
11617,1
9752,1
6285,1
11397,2
12054,1
13275,2
180,1
7589,1
16826,2
14305,1
13395,1
2223,1
16590,2
10305,1
996,1
8826,1
3209,4
5265,5
1730,2
13313,1
3639,1
4139,2
12007,1
5785,1
4037,1
7536,1
9423,1
13640,1
2564,1
10774,1
2546,1
14535,1
5069,1
16793,5
17759,2
3744,1
5238,2
5697,1
8258,1
3259,4
6340,1
3163,2
16255,1
13857,1
16512,1
15352,1
10113,1
6521,1
1200,2
4735,1
5267,1
1684,1
1759,1
1051,1
16265,1
7967,1
323,2
15458,1
5784,1
10923,1
6977,1
266,1
12226,1
1641,1
1739,1
13807,2
3851,1
15516,2
8832,1
3776,2
12074,1
1964,1
15752,1
13365,1
9775,1
7506,1
9717,1
15032,1
15158,1
11395,2
18081,2
12468,1
11881,1
10049,1
7042,2
6544,1
4040,2
11716,2
1050,1
13573,3
13764,1
14829,1
6086,1
14237,1
15193,1
888,2
8314,1
3521,1
8790,1
350,1
16225,1
14917,1
5072,2
6388,1
15402,1
14394,2
13126,1
16322,1
10350,1
6242,1
6605,1
2326,1
10447,1
5638,2
16526,2
704,3
4997,1
15740,2
8514,1
858,3
14981,1
9808,1
8523,2
18358,1
16867,1
51,1
4952,2
9279,2
6801,1
3377,1
15499,1
13147,1
17575,1
14836,1
11719,1
14066,2
7731,1
12044,3
378,1
18178,5
3319,2
4940,2
4955,1
6328,1
2458,1
4300,1
3207,1
12630,1
4555,1
4496,1
16994,1
14443,1
14373,1
6513,1
11901,1
9018,1
224,1
2295,1
2522,1
13892,1
7840,1
6744,2
2471,6
15579,1
9029,1
2871,1
10108,1
18195,1
14049,1
4000,2
9061,1
7441,1
8691,1
16299,2
15054,2
3741,1
17354,1
7695,1
1979,1
1783,1
11923,2
9627,2
13408,1
5768,1
550,1
14420,1
2514,1
4764,1
2870,1
8025,2
4481,1
16288,1
1000,1
17226,1
1674,2
3134,1
13737,1
5591,1
12513,1
5314,1
4119,1
10376,2
789,1
10509,1
8401,2
13761,1
13879,1
15260,1
14065,2
7150,1
5749,1
8099,2
2560,1
6982,2
7978,1
17359,1
4908,1
7409,1
1792,1
5193,1
4866,2
3155,1
10674,2
809,2
10887,1
3085,6
13536,1
13664,1
9080,1
4919,1
1803,2
16479,1
15870,1
14495,1
16902,1
15047,1
5213,1
7608,3
2076,2
5797,1
11205,1
16303,1
13950,1
2160,1
12602,1
12352,1
10156,1
10767,1
15492,1
922,4
7127,1
2467,2
4835,2
14301,1
3570,2
4884,1
16549,1
13597,1
7054,1
7936,2
11259,1
17663,1
3014,4
4894,1
10061,1
6656,1
1636,1
1360,2
6943,1
18292,1
6710,1
3633,1
8228,1
12272,1
10956,1
13249,1
6209,2
14479,2
11275,4
11216,1
16094,1
13635,1
14099,1
17121,1
17848,2
17566,1
10254,1
1801,2
18077,1
10390,2
467,1
6534,1
16061,1
16148,1
1980,1
15841,2
6583,2
17528,1
17556,1
8067,1
14413,1
17753,2
12049,1
3948,2
10379,1
3240,3
16224,3
4440,1
1937,1
5146,1
13738,1
12684,1
16219,1
9244,1
3616,1
6176,1
9652,1
11461,2
13965,2
6294,2
11521,1
2415,1
2584,2
12750,2
6084,1
12035,1
10025,1
10724,1
15983,2
1065,2
14352,1
9548,1
12966,1
8932,1
14216,1
13356,2
10788,2
9810,1
5005,1
11384,1
9438,1
9897,1
8563,1
15655,1
1251,1
16144,2
917,1
8722,1
16742,1
8769,1
12801,1
5798,1
10832,1
15388,4
18332,1
15041,1
11042,1
16738,1
2434,1
6757,1
4534,2
5703,1
3714,1
15657,2
1218,1
4305,1
10751,1
3383,1
1254,1
14176,3
10097,1
3732,1
12494,2
10906,1
16415,1
8556,1
4672,1
18162,1
17378,1
12306,2
12047,1
3479,2
4522,1
6386,1
15508,1
10221,1
2937,1
117,1
13516,1
4996,1
3780,1
4843,1
8566,1
31,2
13364,1
9977,6
14928,1
10522,1
194,1
13789,1
6696,1
12938,1
2544,1
5800,1
17460,1
5866,1
17240,2
17631,1
1942,1
9302,1
12499,2
17548,6
11962,2
13978,2
4526,1
7230,1
8420,1
6927,1
319,1
1799,2
7785,1
11532,2
9560,2
5940,1
9051,1
4500,1
17392,1
2131,1
5887,2
4049,1
1989,1
14329,1
2893,1
4736,1
8740,2
246,1
9998,1
12240,1
3919,1
10124,1
15564,1
11450,1
17206,1
13005,1
6487,2
16304,3
1534,2
9349,1
2049,2
17314,2
12689,1
10685,1
1001,1
13890,1
2376,2
17926,1
884,1
7111,1
8990,1
17295,1
9490,1
15685,2
2424,1
2232,1
472,1
2857,1
495,1
13036,2
4179,1
5463,1
13091,1
6584,2
7395,1
16013,1
1434,1
14955,1
6185,1
16991,1
1026,4
8291,1
3672,1
556,2
10817,2
15716,1
17908,2
530,1
717,2
2394,1
3483,2
1398,2
11989,1
11831,2
10199,1
10589,1
15583,1
4491,1
4025,1
5313,1
6546,1
14854,1
13468,1
591,1
3420,1
7786,1
11107,1
12538,1
566,1
13386,1
4161,1
575,1
5543,1
9781,1
17839,1
2279,1
8763,1
2420,1
2977,2
16946,1
11827,1
15858,1
3830,1
9081,1
11483,1
11742,1
2063,1
5364,1
14378,1
3559,1
11434,1
7683,2
12028,1
14932,1
16987,1
4927,1
15571,1
3258,2
3112,3
4393,1
8878,1
4565,1
8667,3
16237,1
11092,1
6278,1
10134,1
7205,6
578,1
198,1
14026,1
2254,1
7101,2
15531,1
8510,1
4871,1
7776,1
12270,1
12847,1
10143,1
12862,1
14578,1
17586,1
12369,1
10529,1
11391,1
12254,3
1168,1
3113,1
13591,1
2620,1
12800,1
11775,1
16609,1
3444,2
17097,2
10815,1
509,1
4154,2
3907,1
7962,1
11465,1
8341,2
10155,1
7791,1
928,2
17003,2
11513,1
7316,6
2664,1
1891,1
1635,2
14349,1
7651,1
10246,2
17645,2
16610,1
9516,1
16544,1
17700,1
11678,1
16017,2
14744,1
6457,1
3595,2
10017,1
4976,1
10167,1
17208,1
12445,1
12205,1
927,2
4021,1
17804,1
7958,1
5494,2
6010,1
9719,4
5003,1
9387,2
7852,1
7085,1
12045,1
13718,1
